period,brent_usd_bbl,wti_usd_bbl
2010-01-01,76.17,78.33
2010-02-01,73.75,76.39
2010-03-01,78.83,81.2
2010-04-01,84.82,84.29
2010-05-01,75.95,73.74
2010-06-01,74.76,75.34
2010-07-01,75.58,76.32
2010-08-01,77.04,76.6
2010-09-01,77.84,75.24
2010-10-01,82.67,81.89
2010-11-01,85.28,84.25
2010-12-01,91.45,89.15
2011-01-01,96.52,89.17
2011-02-01,103.72,88.58
2011-03-01,114.64,102.86
2011-04-01,123.26,109.53
2011-05-01,114.99,100.9
2011-06-01,113.83,96.26
2011-07-01,116.97,97.3
2011-08-01,110.22,86.33
2011-09-01,112.83,85.52
2011-10-01,109.55,86.32
2011-11-01,110.77,97.16
2011-12-01,107.87,98.56
2012-01-01,110.69,100.27
2012-02-01,119.33,102.2
2012-03-01,125.45,106.16
2012-04-01,119.75,103.32
2012-05-01,110.34,94.66
2012-06-01,95.16,82.3
2012-07-01,102.62,87.9
2012-08-01,113.36,94.13
2012-09-01,112.86,94.51
2012-10-01,111.71,89.49
2012-11-01,109.06,86.53
2012-12-01,109.49,87.86
2013-01-01,112.96,94.76
2013-02-01,116.05,95.31
2013-03-01,108.47,92.94
2013-04-01,102.25,92.02
2013-05-01,102.56,94.51
2013-06-01,102.92,95.77
2013-07-01,107.93,104.67
2013-08-01,111.28,106.57
2013-09-01,111.6,106.29
2013-10-01,109.08,100.54
2013-11-01,107.79,93.86
2013-12-01,110.76,97.63
2014-01-01,108.12,94.62
2014-02-01,108.9,100.82
2014-03-01,107.48,100.8
2014-04-01,107.76,102.07
2014-05-01,109.54,102.18
2014-06-01,111.8,105.79
2014-07-01,106.77,103.59
2014-08-01,101.61,96.54
2014-09-01,97.09,93.21
2014-10-01,87.43,84.4
2014-11-01,79.44,75.79
2014-12-01,62.34,59.29
2015-01-01,47.76,47.22
2015-02-01,58.1,50.58
2015-03-01,55.89,47.82
2015-04-01,59.52,54.45
2015-05-01,64.08,59.27
2015-06-01,61.48,59.82
2015-07-01,56.56,50.9
2015-08-01,46.52,42.87
2015-09-01,47.62,45.48
2015-10-01,48.43,46.22
2015-11-01,44.27,42.44
2015-12-01,38.01,37.19
2016-01-01,30.7,31.68
2016-02-01,32.18,30.32
2016-03-01,38.21,37.55
2016-04-01,41.58,40.75
2016-05-01,46.74,46.71
2016-06-01,48.25,48.76
2016-07-01,44.95,44.65
2016-08-01,45.84,44.72
2016-09-01,46.57,45.18
2016-10-01,49.52,49.78
2016-11-01,44.73,45.66
2016-12-01,53.31,51.97
2017-01-01,54.58,52.5
2017-02-01,54.87,53.47
2017-03-01,51.59,49.33
2017-04-01,52.31,51.06
2017-05-01,50.33,48.48
2017-06-01,46.37,45.18
2017-07-01,48.48,46.63
2017-08-01,51.7,48.04
2017-09-01,56.15,49.82
2017-10-01,57.51,51.58
2017-11-01,62.71,56.64
2017-12-01,64.37,57.88
2018-01-01,69.08,63.7
2018-02-01,65.32,62.23
2018-03-01,66.02,62.73
2018-04-01,72.11,66.25
2018-05-01,76.98,69.98
2018-06-01,74.41,67.87
2018-07-01,74.25,70.98
2018-08-01,72.53,68.06
2018-09-01,78.89,70.23
2018-10-01,81.03,70.75
2018-11-01,64.75,56.96
2018-12-01,57.36,49.52
2019-01-01,59.41,51.38
2019-02-01,63.96,54.95
2019-03-01,66.14,58.15
2019-04-01,71.23,63.86
2019-05-01,71.32,60.83
2019-06-01,64.22,54.66
2019-07-01,63.92,57.35
2019-08-01,59.04,54.81
2019-09-01,62.83,56.95
2019-10-01,59.71,53.96
2019-11-01,63.21,57.03
2019-12-01,67.31,59.88
2020-01-01,63.65,57.52
2020-02-01,55.66,50.54
2020-03-01,32.01,29.21
2020-04-01,18.38,16.55
2020-05-01,29.38,28.56
2020-06-01,40.27,38.31
2020-07-01,43.24,40.71
2020-08-01,44.74,42.34
2020-09-01,40.91,39.63
2020-10-01,40.19,39.4
2020-11-01,42.69,40.94
2020-12-01,49.99,47.02
2021-01-01,54.77,52.0
2021-02-01,62.28,59.04
2021-03-01,65.41,62.33
2021-04-01,64.81,61.72
2021-05-01,68.53,65.17
2021-06-01,73.16,71.38
2021-07-01,75.17,72.49
2021-08-01,70.61,67.7
2021-09-01,74.49,71.65
2021-10-01,83.54,81.48
2021-11-01,81.05,79.15
2021-12-01,74.17,71.71
2022-01-01,86.51,83.22
2022-02-01,97.13,91.64
2022-03-01,117.25,108.5
2022-04-01,104.58,101.78
2022-05-01,113.34,109.55
2022-06-01,122.71,114.84
2022-07-01,111.93,101.62
2022-08-01,100.45,93.67
2022-09-01,89.76,84.26
2022-10-01,93.33,87.55
2022-11-01,91.42,84.37
2022-12-01,80.92,76.44
2023-01-01,82.5,78.12
2023-02-01,82.59,76.83
2023-03-01,78.43,73.28
2023-04-01,84.64,79.45
2023-05-01,75.47,71.58
2023-06-01,74.84,70.25
2023-07-01,80.11,76.07
2023-08-01,86.15,81.39
2023-09-01,93.72,89.43
2023-10-01,90.6,85.64
2023-11-01,82.94,77.69
2023-12-01,77.63,71.9
2024-01-01,80.12,74.15
2024-02-01,83.48,77.25
2024-03-01,85.41,81.28
2024-04-01,89.94,85.35
2024-05-01,81.75,80.02
2024-06-01,82.25,79.77
2024-07-01,85.15,81.8
2024-08-01,80.36,76.68
2024-09-01,74.02,70.24
2024-10-01,75.63,71.99
2024-11-01,74.35,69.95
2024-12-01,73.86,70.12
2025-01-01,79.27,75.74
2025-02-01,75.44,71.53
2025-03-01,72.73,68.24
2025-04-01,68.13,63.54
2025-05-01,64.45,62.17
2025-06-01,71.44,68.17
2025-07-01,71.04,68.39
2025-08-01,67.87,64.86
2025-09-01,67.99,63.96
2025-10-01,64.54,60.89
2025-11-01,63.8,60.06
2025-12-01,62.54,57.97
2026-01-01,66.6,60.04
2026-02-01,70.89,64.51
2026-03-01,103.13,91.38
2026-04-01,117.29,100.32
2026-05-01,107.14,102.13
