iso3,country_name,year,crude_oil_import_usd,crude_oil_export_usd
AFG,Afghanistan,2010,,
AFG,Afghanistan,2011,316229,
AFG,Afghanistan,2012,,
AFG,Afghanistan,2013,,
AFG,Afghanistan,2014,,
AFG,Afghanistan,2015,,
AFG,Afghanistan,2016,,
AFG,Afghanistan,2017,33202314.51,
AFG,Afghanistan,2018,54742303.49,
AFG,Afghanistan,2019,34372466.47,
AFG,Afghanistan,2020,,
AFG,Afghanistan,2021,,
AFG,Afghanistan,2022,,
AFG,Afghanistan,2023,,
AFG,Afghanistan,2024,,
AFG,Afghanistan,2025,,
AGO,Angola,2010,69809.88,50788866848
AGO,Angola,2011,126544.91,64140141220
AGO,Angola,2012,1166.53,68863266748.944
AGO,Angola,2013,8011.73,65464178236
AGO,Angola,2014,37741.92,56439535479
AGO,Angola,2015,12.06,31393669832
AGO,Angola,2016,35244.64,25577532564.572
AGO,Angola,2017,15670.89,31057101874.478
AGO,Angola,2018,406.12,36539448124.016
AGO,Angola,2019,13738.6,31334932288.052
AGO,Angola,2020,248.82,18296541436.227
AGO,Angola,2021,545.25,27810649162.594
AGO,Angola,2022,3035.57,40300991588.953
AGO,Angola,2023,1963.42,31419862877.569
AGO,Angola,2024,3402.21,31397638565.478
AGO,Angola,2025,1677,24439674171.859
ALB,Albania,2010,13047443,162736020
ALB,Albania,2011,20463530,314104512
ALB,Albania,2012,217319,492931584
ALB,Albania,2013,,658043194
ALB,Albania,2014,,
ALB,Albania,2015,,91792249
ALB,Albania,2016,,155827294
ALB,Albania,2017,,
ALB,Albania,2018,,
ALB,Albania,2019,,
ALB,Albania,2020,,
ALB,Albania,2021,,
ALB,Albania,2022,,
ALB,Albania,2023,,
ALB,Albania,2024,,
ALB,Albania,2025,,
ARE,United Arab Emirates,2010,5675017,65482110207
ARE,United Arab Emirates,2011,1430582,91935769559
ARE,United Arab Emirates,2012,279940,96590217801
ARE,United Arab Emirates,2013,713930.046,106910826083.204
ARE,United Arab Emirates,2014,193393.353,71930898754.381
ARE,United Arab Emirates,2015,34084814.62,31559126796
ARE,United Arab Emirates,2016,414173.034,25160688952.513
ARE,United Arab Emirates,2017,33145004.85,31346144521.214
ARE,United Arab Emirates,2018,2498583591,73289908401.987
ARE,United Arab Emirates,2019,27750559170.739,127284293029.93
ARE,United Arab Emirates,2020,21440696427.571,105123364795.736
ARE,United Arab Emirates,2021,2237024929,99039151474.408
ARE,United Arab Emirates,2022,45374600323.822,171639794248.268
ARE,United Arab Emirates,2023,2712290170,162767463924.951
ARE,United Arab Emirates,2024,,
ARE,United Arab Emirates,2025,,
ARG,Argentina,2010,3241,2583534304
ARG,Argentina,2011,5050,2182223595
ARG,Argentina,2012,130337615,2611223721
ARG,Argentina,2013,245437905,1736775154
ARG,Argentina,2014,317708845,1619632669
ARG,Argentina,2015,355737481.1,670929750.8
ARG,Argentina,2016,278747010.1,748543642.8
ARG,Argentina,2017,455187605.2,575226736.4
ARG,Argentina,2018,181108939.6,1474856039
ARG,Argentina,2019,,1119911767
ARG,Argentina,2020,39.72,570359836.7
ARG,Argentina,2021,,1161542099
ARG,Argentina,2022,1030.81,3072569253
ARG,Argentina,2023,219.64,3733440373
ARG,Argentina,2024,,4931109475
ARG,Argentina,2025,64.84,5959193624
ARM,Armenia,2010,,
ARM,Armenia,2011,,
ARM,Armenia,2012,,
ARM,Armenia,2013,,
ARM,Armenia,2014,,
ARM,Armenia,2015,,10
ARM,Armenia,2016,,
ARM,Armenia,2017,,
ARM,Armenia,2018,,
ARM,Armenia,2019,,
ARM,Armenia,2020,,
ARM,Armenia,2021,,
ARM,Armenia,2022,,
ARM,Armenia,2023,5.05,
ARM,Armenia,2024,285128.68,
ARM,Armenia,2025,,
AUS,Australia,2010,15336757108,9660686983
AUS,Australia,2011,21496211788,11830130895
AUS,Australia,2012,22349439562,11317590566
AUS,Australia,2013,19494426358,8675391474
AUS,Australia,2014,18305795817,9633230879
AUS,Australia,2015,7103198586,4570286861
AUS,Australia,2016,5903676026,3527584753
AUS,Australia,2017,7512179565,4022643031
AUS,Australia,2018,10596882103,6053138367
AUS,Australia,2019,8787610772,6566389782
AUS,Australia,2020,4692516093,2975132784
AUS,Australia,2021,5613034717,7606804961
AUS,Australia,2022,7368747424,10054424249.025
AUS,Australia,2023,5494117167,7678708459
AUS,Australia,2024,5378537440,7064711970
AUS,Australia,2025,5040233064,5920886266
AUT,Austria,2010,4039636123,
AUT,Austria,2011,6176453916,
AUT,Austria,2012,6357141307,
AUT,Austria,2013,6534278421,
AUT,Austria,2014,5971007518,
AUT,Austria,2015,3435105253,825.948
AUT,Austria,2016,2410120019,
AUT,Austria,2017,3046250461,
AUT,Austria,2018,4533131769,
AUT,Austria,2019,4228948393,
AUT,Austria,2020,2482111233,
AUT,Austria,2021,4061893286,
AUT,Austria,2022,3840376459,
AUT,Austria,2023,4797394408,
AUT,Austria,2024,4824818485,
AUT,Austria,2025,4525543422,25.99
AZE,Azerbaijan,2010,795,18489553774
AZE,Azerbaijan,2011,20539,22911044605
AZE,Azerbaijan,2012,921,20232597801
AZE,Azerbaijan,2013,83,20244052787
AZE,Azerbaijan,2014,4,18404936620
AZE,Azerbaijan,2015,,8866158580
AZE,Azerbaijan,2016,36792288.71,10638491823
AZE,Azerbaijan,2017,18169428.32,11713334137
AZE,Azerbaijan,2018,104.95,15710529347
AZE,Azerbaijan,2019,1080481.85,9277380365
AZE,Azerbaijan,2020,34,9363570684
AZE,Azerbaijan,2021,52543454.84,13218921497
AZE,Azerbaijan,2022,2010.47,19483622119
AZE,Azerbaijan,2023,729263735.1,16240829627
AZE,Azerbaijan,2024,90824816.68,14436921901
AZE,Azerbaijan,2025,387.05,12089561204
BEL,Belgium,2010,17284265387.343,106581638.6
BEL,Belgium,2011,23675197898.418,136927416.5
BEL,Belgium,2012,26341619239.555,121310118
BEL,Belgium,2013,21991820240.841,120103672.7
BEL,Belgium,2014,23320320780.995,131997811.8
BEL,Belgium,2015,12330335116.909,68627936.71
BEL,Belgium,2016,9948197418,52134320.57
BEL,Belgium,2017,12842745927.964,56586595.53
BEL,Belgium,2018,16569674024,61818049.66
BEL,Belgium,2019,15521640775.082,49359636.45
BEL,Belgium,2020,8857143648,35232873.7
BEL,Belgium,2021,17462886321.032,39597033.22
BEL,Belgium,2022,23634218315.382,10525572.25
BEL,Belgium,2023,21739944946.237,7246410.631
BEL,Belgium,2024,21915213579.722,10102218.66
BEL,Belgium,2025,19291597861.093,6308484.164
BEN,Benin,2010,,
BEN,Benin,2011,,
BEN,Benin,2012,,
BEN,Benin,2013,,
BEN,Benin,2014,20,11060
BEN,Benin,2015,557.951,294.426
BEN,Benin,2016,60.732,
BEN,Benin,2017,104472.459,
BEN,Benin,2018,1809.322,
BEN,Benin,2019,10525.237,
BEN,Benin,2020,54211.755,
BEN,Benin,2021,,
BEN,Benin,2022,1241.915,
BEN,Benin,2023,0.999,
BEN,Benin,2024,,
BEN,Benin,2025,,
BFA,Burkina Faso,2010,348.629,
BFA,Burkina Faso,2011,2015.919,
BFA,Burkina Faso,2012,,
BFA,Burkina Faso,2013,1021.849,
BFA,Burkina Faso,2014,2388.081,
BFA,Burkina Faso,2015,,
BFA,Burkina Faso,2016,,
BFA,Burkina Faso,2017,,
BFA,Burkina Faso,2018,1599.702,
BFA,Burkina Faso,2019,,
BFA,Burkina Faso,2020,,
BFA,Burkina Faso,2021,,
BFA,Burkina Faso,2022,,
BFA,Burkina Faso,2023,2057.465,
BFA,Burkina Faso,2024,15634.04,50.011
BFA,Burkina Faso,2025,,
BGD,Bangladesh,2010,320138613,42054265
BGD,Bangladesh,2011,305637404,25907156
BGD,Bangladesh,2012,196651036,
BGD,Bangladesh,2013,49394582,
BGD,Bangladesh,2014,,
BGD,Bangladesh,2015,373009570,4730875
BGD,Bangladesh,2016,361124417.3,4538395.999
BGD,Bangladesh,2017,489154473.7,
BGD,Bangladesh,2018,360776438.7,10188003.14
BGD,Bangladesh,2019,,
BGD,Bangladesh,2020,,
BGD,Bangladesh,2021,,
BGD,Bangladesh,2022,,
BGD,Bangladesh,2023,,
BGD,Bangladesh,2024,,
BGD,Bangladesh,2025,,
BGR,Bulgaria,2010,3080833617,
BGR,Bulgaria,2011,4022466864,
BGR,Bulgaria,2012,4753684390,
BGR,Bulgaria,2013,4487692248,231612
BGR,Bulgaria,2014,3515422761,
BGR,Bulgaria,2015,2244978868,62027
BGR,Bulgaria,2016,34758.319,214266.531
BGR,Bulgaria,2017,11201947.77,560518.49
BGR,Bulgaria,2018,13876982.26,440421.049
BGR,Bulgaria,2019,41452828.39,50416.589
BGR,Bulgaria,2020,49971567.03,
BGR,Bulgaria,2021,2026580760,
BGR,Bulgaria,2022,2532.065,
BGR,Bulgaria,2023,3134974155,
BGR,Bulgaria,2024,12955775.48,
BGR,Bulgaria,2025,2534492085,27805.031
BHR,Bahrain,2010,5858858564,
BHR,Bahrain,2011,7469459983,23715935
BHR,Bahrain,2012,3358018792,
BHR,Bahrain,2013,8486433272,
BHR,Bahrain,2014,7440079666,5431103985
BHR,Bahrain,2015,3933897856,
BHR,Bahrain,2016,3148340868,
BHR,Bahrain,2017,4246244152,
BHR,Bahrain,2018,5721286032,
BHR,Bahrain,2019,5333652256,
BHR,Bahrain,2020,2776474656,
BHR,Bahrain,2021,,
BHR,Bahrain,2022,,
BHR,Bahrain,2023,68.769,
BHR,Bahrain,2024,98.511,
BHR,Bahrain,2025,,
BIH,Bosnia and Herzegovina,2010,628703491,
BIH,Bosnia and Herzegovina,2011,915823363,139
BIH,Bosnia and Herzegovina,2012,785808017,12
BIH,Bosnia and Herzegovina,2013,814190909,
BIH,Bosnia and Herzegovina,2014,701879369,7924
BIH,Bosnia and Herzegovina,2015,359667275,25548
BIH,Bosnia and Herzegovina,2016,303803842,
BIH,Bosnia and Herzegovina,2017,359120510.2,
BIH,Bosnia and Herzegovina,2018,364448294.4,
BIH,Bosnia and Herzegovina,2019,342246.16,342809.16
BIH,Bosnia and Herzegovina,2020,223068.47,485551.64
BIH,Bosnia and Herzegovina,2021,310139.57,5158463.55
BIH,Bosnia and Herzegovina,2022,101931.42,4832596.52
BIH,Bosnia and Herzegovina,2023,103115.269,94825.596
BIH,Bosnia and Herzegovina,2024,,4172341.568
BIH,Bosnia and Herzegovina,2025,,39725.375
BLR,Belarus,2010,6780516800,
BLR,Belarus,2011,9387514100,1319628300
BLR,Belarus,2012,8705826200,1288056000
BLR,Belarus,2013,8392089700,1241330800
BLR,Belarus,2014,7629251900,1124281900
BLR,Belarus,2015,5668227700,579325600
BLR,Belarus,2016,3970841700,471625100
BLR,Belarus,2017,5338081900,606609600
BLR,Belarus,2018,6822678400,809895200
BLR,Belarus,2019,6580854200,726767000
BLR,Belarus,2020,3890870400,343163600
BLR,Belarus,2021,,
BLR,Belarus,2022,,
BLR,Belarus,2023,,
BLR,Belarus,2024,,
BLR,Belarus,2025,,
BLZ,Belize,2010,,100422069.1
BLZ,Belize,2011,,1269044.04
BLZ,Belize,2012,,93150485
BLZ,Belize,2013,286,70096421
BLZ,Belize,2014,3655,51129318
BLZ,Belize,2015,67,18190884
BLZ,Belize,2016,91,11241534
BLZ,Belize,2017,,8557906
BLZ,Belize,2018,280.38,3841892.375
BLZ,Belize,2019,197.66,3013074.535
BLZ,Belize,2020,138.88,2445222.265
BLZ,Belize,2021,,4302535.339
BLZ,Belize,2022,229.065,1173230.106
BLZ,Belize,2023,,717161.595
BLZ,Belize,2024,240011.89,
BLZ,Belize,2025,33087,
BOL,Bolivia,2010,,186644107.5
BOL,Bolivia,2011,545.71,227561724.7
BOL,Bolivia,2012,200.57,392429391.3
BOL,Bolivia,2013,4708.34,511483568.9
BOL,Bolivia,2014,4610.34,584129390.6
BOL,Bolivia,2015,6886.79,200769443.9
BOL,Bolivia,2016,5135.78,84600294.82
BOL,Bolivia,2017,962.07,51703700.02
BOL,Bolivia,2018,,72118813.93
BOL,Bolivia,2019,336.93,21483108.65
BOL,Bolivia,2020,28.59,10517484.71
BOL,Bolivia,2021,58.05,20082184.94
BOL,Bolivia,2022,693,395801.35
BOL,Bolivia,2023,38941536,10813387.92
BOL,Bolivia,2024,105973107,1419208.15
BOL,Bolivia,2025,8499705,
BRA,Brazil,2010,10274488135,13009
BRA,Brazil,2011,14264031856,16353
BRA,Brazil,2012,13588678104,27924
BRA,Brazil,2013,16536501613,29759
BRA,Brazil,2014,15746637926,50088
BRA,Brazil,2015,7598390319,15164
BRA,Brazil,2016,3009306031,10273
BRA,Brazil,2017,3046180871,27361
BRA,Brazil,2018,5162948156,804
BRA,Brazil,2019,4813804434,86
BRA,Brazil,2020,2761124494,19613853004
BRA,Brazil,2021,255985,30489489045
BRA,Brazil,2022,466429,23
BRA,Brazil,2023,801841,42611148049
BRA,Brazil,2024,3390918,44789903616
BRA,Brazil,2025,18685495,44669329937
BRN,Brunei Darussalam,2010,27.171,4493247690
BRN,Brunei Darussalam,2011,4211.738,6325596398
BRN,Brunei Darussalam,2012,455,6271267480
BRN,Brunei Darussalam,2013,177,5118007248
BRN,Brunei Darussalam,2014,7198,4378647811
BRN,Brunei Darussalam,2015,45251,2367657653
BRN,Brunei Darussalam,2016,40702,1877346645
BRN,Brunei Darussalam,2017,34984.016,2211909447
BRN,Brunei Darussalam,2018,22.961,2699767698
BRN,Brunei Darussalam,2019,1160968344,2853973803
BRN,Brunei Darussalam,2020,1461485458,1273034900
BRN,Brunei Darussalam,2021,5158176701,2155680595
BRN,Brunei Darussalam,2022,5440523911,2170259108
BRN,Brunei Darussalam,2023,3926687101,1814183007
BRN,Brunei Darussalam,2024,4127827724,2100528155
BRN,Brunei Darussalam,2025,,
BTN,Bhutan,2010,,
BTN,Bhutan,2011,1197,
BTN,Bhutan,2012,12001,
BTN,Bhutan,2013,,
BTN,Bhutan,2014,,
BTN,Bhutan,2015,,
BTN,Bhutan,2016,,
BTN,Bhutan,2017,3387.606,
BTN,Bhutan,2018,14222.305,
BTN,Bhutan,2019,545.793,
BTN,Bhutan,2020,4208.166,
BTN,Bhutan,2021,,
BTN,Bhutan,2022,,
BTN,Bhutan,2023,,
BTN,Bhutan,2024,,
BTN,Bhutan,2025,,
BWA,Botswana,2010,258250.263,114095.838
BWA,Botswana,2011,499752.321,158796.668
BWA,Botswana,2012,986196.629,78533.831
BWA,Botswana,2013,241939.638,37332.483
BWA,Botswana,2014,164949.348,23218.147
BWA,Botswana,2015,136042.6,86096.76
BWA,Botswana,2016,107287,19572
BWA,Botswana,2017,8614.276,42686.952
BWA,Botswana,2018,45192.01,10451.48
BWA,Botswana,2019,8283.664,936.767
BWA,Botswana,2020,3617157.38,4516.952
BWA,Botswana,2021,4453137.633,2054.599
BWA,Botswana,2022,63776.548,2136.5
BWA,Botswana,2023,133812.551,1073.847
BWA,Botswana,2024,,
BWA,Botswana,2025,,
CAN,Canada,2010,23082122622,50458801571
CAN,Canada,2011,28824422621,69477186201
CAN,Canada,2012,29788759668,74803784709
CAN,Canada,2013,26237946573,79372942552
CAN,Canada,2014,21513345468,88119818380
CAN,Canada,2015,2459129546,44681399595.243
CAN,Canada,2016,4291476273,35004391728.862
CAN,Canada,2017,4353000057,48108624661.948
CAN,Canada,2018,3523758000,55637420368.111
CAN,Canada,2019,3279873562,56433641491.764
CAN,Canada,2020,2126820559,40356750640.336
CAN,Canada,2021,1811341769,71748023718.059
CAN,Canada,2022,2031104184,108332032737.197
CAN,Canada,2023,3083961597,91250858474.632
CAN,Canada,2024,3060396150,94501294095.116
CAN,Canada,2025,2625013058,83560634148.043
CHE,Switzerland,2010,2748176118,14399
CHE,Switzerland,2011,3629481785,9871
CHE,Switzerland,2012,2815564926,12769.893
CHE,Switzerland,2013,4099507202,8690.164
CHE,Switzerland,2014,3871207876,9962.488
CHE,Switzerland,2015,1230440182,7928.79
CHE,Switzerland,2016,943679767.4,8868.843
CHE,Switzerland,2017,1153821346,9660.82
CHE,Switzerland,2018,1656515883,17127.619
CHE,Switzerland,2019,1307794432,3146.449
CHE,Switzerland,2020,956484621,960.518
CHE,Switzerland,2021,1221512980,705.729
CHE,Switzerland,2022,2312020434,2162.439
CHE,Switzerland,2023,1749850906,2970.543
CHE,Switzerland,2024,1550960945,1903.202
CHE,Switzerland,2025,1649356807,1501.938
CHL,Chile,2010,4340629065,
CHL,Chile,2011,6495645842,
CHL,Chile,2012,6107808270,
CHL,Chile,2013,6633370080,
CHL,Chile,2014,6040622319,
CHL,Chile,2015,2874348991,
CHL,Chile,2016,2383270367,
CHL,Chile,2017,3272102483,
CHL,Chile,2018,4233207153,
CHL,Chile,2019,4207017792,
CHL,Chile,2020,2319356003,11870850.66
CHL,Chile,2021,4278941753,
CHL,Chile,2022,5165668631,37836314.78
CHL,Chile,2023,5271245180,17213404.72
CHL,Chile,2024,5152073233,10113086.01
CHL,Chile,2025,4422490033,
CHN,China,2010,1.353E+11,1644812964
CHN,China,2011,1.96771E+11,1905683970
CHN,China,2012,2.20794E+11,2226024615
CHN,China,2013,2.1966E+11,1456208511
CHN,China,2014,2.28288E+11,490697311
CHN,China,2015,1.34343E+11,1545644007
CHN,China,2016,1.16661E+11,943491460
CHN,China,2017,1.63821E+11,1822371543
CHN,China,2018,2.4038E+11,1270421701
CHN,China,2019,2.42385E+11,361760014
CHN,China,2020,1.78453E+11,481625542
CHN,China,2021,2.58523E+11,1010393812
CHN,China,2022,3.65512E+11,1438103655
CHN,China,2023,3.37645E+11,843802125
CHN,China,2024,3.25187E+11,1178947474
CHN,China,2025,,
CIV,Cote d'Ivoire,2010,1692366098,1091538585
CIV,Cote d'Ivoire,2011,1747084523,1313165530
CIV,Cote d'Ivoire,2012,2752775651,1255554933
CIV,Cote d'Ivoire,2013,2929670318,959548867.8
CIV,Cote d'Ivoire,2014,2598934528,654156772.6
CIV,Cote d'Ivoire,2015,1514437772,545061366.5
CIV,Cote d'Ivoire,2016,1024156883,581426952.2
CIV,Cote d'Ivoire,2017,811139463,619036875.9
CIV,Cote d'Ivoire,2018,1544873586,708371412.3
CIV,Cote d'Ivoire,2019,1485568262,901864531
CIV,Cote d'Ivoire,2020,1436707135,446152496.9
CIV,Cote d'Ivoire,2021,1380579018,570017991.1
CIV,Cote d'Ivoire,2022,2400384767,832372531.6
CIV,Cote d'Ivoire,2023,2886760990,647116778.7
CIV,Cote d'Ivoire,2024,2427793266,799801181.5
CIV,Cote d'Ivoire,2025,1711149999,1803258014
CMR,Cameroon,2010,1231769209,1415657634
CMR,Cameroon,2011,94185,9136
CMR,Cameroon,2012,1300904099,1834091386
CMR,Cameroon,2013,999398517,2203963516
CMR,Cameroon,2014,1429928278,2469166401
CMR,Cameroon,2015,771540017,1624697835
CMR,Cameroon,2016,229174408,1014
CMR,Cameroon,2017,221455859.1,1284445177
CMR,Cameroon,2018,311325417.9,1553215334
CMR,Cameroon,2019,375245949.7,1705619731
CMR,Cameroon,2020,2714.73,1115883771
CMR,Cameroon,2021,134.42,1743537526
CMR,Cameroon,2022,16111.416,2445344019
CMR,Cameroon,2023,553.547,1873394378
CMR,Cameroon,2024,,
CMR,Cameroon,2025,,
COD,"Congo, Dem. Rep.",2010,,
COD,"Congo, Dem. Rep.",2011,,
COD,"Congo, Dem. Rep.",2012,,
COD,"Congo, Dem. Rep.",2013,,
COD,"Congo, Dem. Rep.",2014,,
COD,"Congo, Dem. Rep.",2015,62832044.33,30.008
COD,"Congo, Dem. Rep.",2016,890.343,51.839
COD,"Congo, Dem. Rep.",2017,583.514,12740.894
COD,"Congo, Dem. Rep.",2018,4709.892,44.5
COD,"Congo, Dem. Rep.",2019,1606.206,3975.213
COD,"Congo, Dem. Rep.",2020,,
COD,"Congo, Dem. Rep.",2021,111986.918,
COD,"Congo, Dem. Rep.",2022,85258.163,601.584
COD,"Congo, Dem. Rep.",2023,116440.18,4.838
COD,"Congo, Dem. Rep.",2024,,
COD,"Congo, Dem. Rep.",2025,,
COG,"Congo, Rep.",2010,19207966,4481123697
COG,"Congo, Rep.",2011,10214,10496449391
COG,"Congo, Rep.",2012,18570,5779548991
COG,"Congo, Rep.",2013,,7666889629
COG,"Congo, Rep.",2014,1158.213,3963801109
COG,"Congo, Rep.",2015,99.679,2672337321
COG,"Congo, Rep.",2016,17689.751,1528701204
COG,"Congo, Rep.",2017,5343.571,3645545490
COG,"Congo, Rep.",2018,3019848.573,9109674640
COG,"Congo, Rep.",2019,,197.159
COG,"Congo, Rep.",2020,461.76,3448746966
COG,"Congo, Rep.",2021,5412.75,1072025913
COG,"Congo, Rep.",2022,299.868,6634290451
COG,"Congo, Rep.",2023,117424.903,7967679151
COG,"Congo, Rep.",2024,,
COG,"Congo, Rep.",2025,,
COL,Colombia,2010,6897,13393973372
COL,Colombia,2011,5722,23020133004
COL,Colombia,2012,6802912,26556825737
COL,Colombia,2013,9276,27644198008
COL,Colombia,2014,1576138,25760766275
COL,Colombia,2015,18267,12834380107
COL,Colombia,2016,14446,8060042084
COL,Colombia,2017,3680.39,10951738280
COL,Colombia,2018,1024456.7,13734811111
COL,Colombia,2019,5041764.79,12979915800
COL,Colombia,2020,12511273.6,7130106325
COL,Colombia,2021,5927644.36,11200541488
COL,Colombia,2022,6274.96,15836623713
COL,Colombia,2023,2353.58,12659153725
COL,Colombia,2024,796.56,12069395852
COL,Colombia,2025,134048716.4,9930919822
CRI,Costa Rica,2010,300812622,
CRI,Costa Rica,2011,160374347,5
CRI,Costa Rica,2012,12763,
CRI,Costa Rica,2013,16977,4940
CRI,Costa Rica,2014,17170,
CRI,Costa Rica,2015,16820,
CRI,Costa Rica,2016,22273,
CRI,Costa Rica,2017,26934.176,
CRI,Costa Rica,2018,28501.62,
CRI,Costa Rica,2019,12293.15,
CRI,Costa Rica,2020,14150.24,
CRI,Costa Rica,2021,17506.78,
CRI,Costa Rica,2022,17767.21,
CRI,Costa Rica,2023,18838.91,195
CRI,Costa Rica,2024,49404.32,
CRI,Costa Rica,2025,,
CUB,Cuba,2010,,
CUB,Cuba,2011,,
CUB,Cuba,2012,,
CUB,Cuba,2013,,
CUB,Cuba,2014,,
CUB,Cuba,2015,,
CUB,Cuba,2016,739345250.9,45096946.62
CUB,Cuba,2017,1126551277,58631274.88
CUB,Cuba,2018,1591726260,74441313.48
CUB,Cuba,2019,1073169762,
CUB,Cuba,2020,566747620.3,10079429.92
CUB,Cuba,2021,1152031500,72052065.25
CUB,Cuba,2022,,
CUB,Cuba,2023,,
CUB,Cuba,2024,,
CUB,Cuba,2025,,
CZE,Czechia,2010,4433833100,9894563
CZE,Czechia,2011,5581592172,14529716
CZE,Czechia,2012,5876141766,16889502
CZE,Czechia,2013,5414169467,18914289
CZE,Czechia,2014,5656796584,18132737
CZE,Czechia,2015,2968613577,10268154
CZE,Czechia,2016,1686420844,8477938
CZE,Czechia,2017,43124,5322
CZE,Czechia,2018,89,6
CZE,Czechia,2019,507,1706
CZE,Czechia,2020,389,4793
CZE,Czechia,2021,688,2373
CZE,Czechia,2022,12633,200
CZE,Czechia,2023,6782,89
CZE,Czechia,2024,6423,1475
CZE,Czechia,2025,16274,125
DEU,Germany,2010,19064034777.977,98260.173
DEU,Germany,2011,34981946.32,1467171.338
DEU,Germany,2012,27090028359.812,1255065.566
DEU,Germany,2013,30978176298.299,805564.778
DEU,Germany,2014,34294777334.226,241444.984
DEU,Germany,2015,20247254213,278434.824
DEU,Germany,2016,16356957228.798,376044.876
DEU,Germany,2017,18930748489.421,378900.14
DEU,Germany,2018,22138872991.867,74900.534
DEU,Germany,2019,19299956824,178406.187
DEU,Germany,2020,13814946047.547,368741.233
DEU,Germany,2021,17837510459.567,291262994
DEU,Germany,2022,29148981165.721,1523175.892
DEU,Germany,2023,22992133890.313,451107.602
DEU,Germany,2024,181.282,1127203.329
DEU,Germany,2025,84.835,7.565
DNK,Denmark,2010,1603551806,4377032449
DNK,Denmark,2011,2553889539,5746178343
DNK,Denmark,2012,2865422010,4853081876
DNK,Denmark,2013,3684969568,4915105470
DNK,Denmark,2014,2705547065,3039662509
DNK,Denmark,2015,1668605043,1778976823
DNK,Denmark,2016,1299713664,1186194941
DNK,Denmark,2017,2043126630,1345338844
DNK,Denmark,2018,2569910488,1245813610
DNK,Denmark,2019,2392208105,1168556773
DNK,Denmark,2020,1508173433,279519317.8
DNK,Denmark,2021,2877654022,363459896.2
DNK,Denmark,2022,3630809240,397957571.6
DNK,Denmark,2023,3175004784,125073807.5
DNK,Denmark,2024,2842081553,396230751.8
DNK,Denmark,2025,3001123108,460572931.7
DOM,Dominican Republic,2010,863925150,4700
DOM,Dominican Republic,2011,979487508,64863
DOM,Dominican Republic,2012,1021872977,26571
DOM,Dominican Republic,2013,1226365176,
DOM,Dominican Republic,2014,950687227.4,7861.243
DOM,Dominican Republic,2015,311867438,1200
DOM,Dominican Republic,2016,354973809.1,
DOM,Dominican Republic,2017,414421384.9,63.847
DOM,Dominican Republic,2018,677766417,
DOM,Dominican Republic,2019,599444154.4,37339.56
DOM,Dominican Republic,2020,181927293.1,
DOM,Dominican Republic,2021,10298.075,40
DOM,Dominican Republic,2022,885783752,31.79
DOM,Dominican Republic,2023,765241119.6,2811
DOM,Dominican Republic,2024,674533.606,3365
DOM,Dominican Republic,2025,584746342.6,140.4
DZA,Algeria,2010,7048,24779431581
DZA,Algeria,2011,15003,35027521388
DZA,Algeria,2012,12478,32879400126
DZA,Algeria,2013,28672,30380112769
DZA,Algeria,2014,5975,22017520516
DZA,Algeria,2015,17238238,11891366368
DZA,Algeria,2016,4080813,11332003788
DZA,Algeria,2017,12639.09,12718832460
DZA,Algeria,2018,,
DZA,Algeria,2019,,
DZA,Algeria,2020,,
DZA,Algeria,2021,,
DZA,Algeria,2022,,
DZA,Algeria,2023,,
DZA,Algeria,2024,5564,14183287575.254
DZA,Algeria,2025,,
ECU,Ecuador,2010,3247,8951940959
ECU,Ecuador,2011,7440,11799973050
ECU,Ecuador,2012,17022,12711228703
ECU,Ecuador,2013,26391,13411758600
ECU,Ecuador,2014,17968,13016019766
ECU,Ecuador,2015,9692,6355235196
ECU,Ecuador,2016,189986,5053937423
ECU,Ecuador,2017,5457086.27,249
ECU,Ecuador,2018,34370649.1,7877584605
ECU,Ecuador,2019,1002656.321,7731160996
ECU,Ecuador,2020,2044366.6,4684793238
ECU,Ecuador,2021,7853.605,7278163135
ECU,Ecuador,2022,6147.8,10834637184
ECU,Ecuador,2023,2841,7823367067
ECU,Ecuador,2024,8288.492,7834790001
ECU,Ecuador,2025,15832.925,6985892558
EGY,"Egypt, Arab Rep.",2010,1321151300,1777514166
EGY,"Egypt, Arab Rep.",2011,1700214461,3013973473
EGY,"Egypt, Arab Rep.",2012,2933268756,3022647392
EGY,"Egypt, Arab Rep.",2013,2028552704,3059529274
EGY,"Egypt, Arab Rep.",2014,3044000238,3050496068
EGY,"Egypt, Arab Rep.",2015,1747290578,1983618421
EGY,"Egypt, Arab Rep.",2016,1384757666,1808107144
EGY,"Egypt, Arab Rep.",2017,1750711556,2106108669
EGY,"Egypt, Arab Rep.",2018,3544088106,2133332526
EGY,"Egypt, Arab Rep.",2019,2877364104,1916595894
EGY,"Egypt, Arab Rep.",2020,3567880080,1191878165
EGY,"Egypt, Arab Rep.",2021,3738263416,3213265952
EGY,"Egypt, Arab Rep.",2022,4627680000,3202780000
EGY,"Egypt, Arab Rep.",2023,1736648110,2638393000
EGY,"Egypt, Arab Rep.",2024,825180000,1408882000
EGY,"Egypt, Arab Rep.",2025,1504210000,997037400
ESP,Spain,2010,2556496.135,1668.096
ESP,Spain,2011,4583350.771,6756.123
ESP,Spain,2012,1369714.39,37158.382
ESP,Spain,2013,1449759.957,12902.906
ESP,Spain,2014,71431823.21,19373.001
ESP,Spain,2015,42.661,40312.567
ESP,Spain,2016,28030743.16,32014.863
ESP,Spain,2017,10545288.56,30676.07
ESP,Spain,2018,372.854,10318.528
ESP,Spain,2019,4795.551,2620.456
ESP,Spain,2020,6135.189,1168.665
ESP,Spain,2021,2463.731,28484.574
ESP,Spain,2022,1106896.124,16998.258
ESP,Spain,2023,1302396.952,21102.157
ESP,Spain,2024,9948369.389,51039.057
ESP,Spain,2025,720669.277,27387.403
EST,Estonia,2010,1344,
EST,Estonia,2011,1025,134357
EST,Estonia,2012,875583,1883629
EST,Estonia,2013,30996186,8825060
EST,Estonia,2014,52473074,5468540
EST,Estonia,2015,37795046,11221632
EST,Estonia,2016,135850.626,162782.351
EST,Estonia,2017,786407.489,11320.187
EST,Estonia,2018,420375.568,91174.614
EST,Estonia,2019,70135.221,114913.437
EST,Estonia,2020,16227342.44,32.79
EST,Estonia,2021,31454663.19,21.8
EST,Estonia,2022,4648304.52,663321.49
EST,Estonia,2023,10.12,
EST,Estonia,2024,76.63,65.23
EST,Estonia,2025,67845.1,
ETH,Ethiopia,2010,8219.478,
ETH,Ethiopia,2011,3570.359,
ETH,Ethiopia,2012,13443.178,
ETH,Ethiopia,2013,5439.37,
ETH,Ethiopia,2014,5674.751,
ETH,Ethiopia,2015,8396.22,
ETH,Ethiopia,2016,1263.597,
ETH,Ethiopia,2017,161782.563,4924.54
ETH,Ethiopia,2018,141564.194,
ETH,Ethiopia,2019,30084.46,
ETH,Ethiopia,2020,45357.91,
ETH,Ethiopia,2021,263931.82,
ETH,Ethiopia,2022,160462.802,
ETH,Ethiopia,2023,73799.903,
ETH,Ethiopia,2024,,
ETH,Ethiopia,2025,,
FIN,Finland,2010,6558983418,
FIN,Finland,2011,9456121640,473
FIN,Finland,2012,9207603378,30
FIN,Finland,2013,9342155256,2125
FIN,Finland,2014,8396749900,54234
FIN,Finland,2015,3994486872,2102
FIN,Finland,2016,3787901583,100
FIN,Finland,2017,638.29,10.168
FIN,Finland,2018,142444044.2,27754.087
FIN,Finland,2019,5802467550,244067.243
FIN,Finland,2020,3430493318,4106.195
FIN,Finland,2021,4283661969,684.807
FIN,Finland,2022,7345106873,738.187
FIN,Finland,2023,6394985707,5.406
FIN,Finland,2024,5276117698,288.166
FIN,Finland,2025,5614103491,185.797
FJI,Fiji,2010,1956,
FJI,Fiji,2011,45389,17243
FJI,Fiji,2012,53404,64516
FJI,Fiji,2013,78283,21134
FJI,Fiji,2014,132814,794
FJI,Fiji,2015,6152.201,818.545
FJI,Fiji,2016,260583.728,12696.971
FJI,Fiji,2017,668743.033,
FJI,Fiji,2018,1853878.018,76559.969
FJI,Fiji,2019,1565503.885,308754.171
FJI,Fiji,2020,203553.105,868602.28
FJI,Fiji,2021,857.709,2756713.527
FJI,Fiji,2022,14975.877,2045637.64
FJI,Fiji,2023,,
FJI,Fiji,2024,60544.019,69694.484
FJI,Fiji,2025,45815.778,
FRA,France,2010,35319187347,101245003
FRA,France,2011,52506385404,410935786
FRA,France,2012,47630969576,368784301
FRA,France,2013,45645001599,57478106
FRA,France,2014,38874182250,3827954
FRA,France,2015,22807380220,18495601
FRA,France,2016,17912794679,1498612
FRA,France,2017,3137880.214,2067322.519
FRA,France,2018,1272.437,188.968
FRA,France,2019,15614.531,136.595
FRA,France,2020,19168.088,134.265
FRA,France,2021,11746.391,4267.881
FRA,France,2022,124.948,3890218.487
FRA,France,2023,2954744.699,3344247.531
FRA,France,2024,382413.676,142.874
FRA,France,2025,180978093.7,486.306
FSM,"Micronesia, Fed. Sts.",2010,906588,
FSM,"Micronesia, Fed. Sts.",2011,758263,
FSM,"Micronesia, Fed. Sts.",2012,860498,
FSM,"Micronesia, Fed. Sts.",2013,481755,
FSM,"Micronesia, Fed. Sts.",2014,,
FSM,"Micronesia, Fed. Sts.",2015,,
FSM,"Micronesia, Fed. Sts.",2016,,
FSM,"Micronesia, Fed. Sts.",2017,,
FSM,"Micronesia, Fed. Sts.",2018,,
FSM,"Micronesia, Fed. Sts.",2019,,
FSM,"Micronesia, Fed. Sts.",2020,,
FSM,"Micronesia, Fed. Sts.",2021,,
FSM,"Micronesia, Fed. Sts.",2022,,
FSM,"Micronesia, Fed. Sts.",2023,,
FSM,"Micronesia, Fed. Sts.",2024,,
FSM,"Micronesia, Fed. Sts.",2025,,
GAB,Gabon,2010,404.65,7554793656
GAB,Gabon,2011,8252.556,4230914473
GAB,Gabon,2012,23487.538,8254469320
GAB,Gabon,2013,23039.744,8234668177
GAB,Gabon,2014,36796.124,7538477457
GAB,Gabon,2015,135394.217,4248901860
GAB,Gabon,2016,1814.353,2773729726
GAB,Gabon,2017,,3400258140
GAB,Gabon,2018,4692.457,4370004144
GAB,Gabon,2019,3378.64,4024299755
GAB,Gabon,2020,561.24,3682154880
GAB,Gabon,2021,149.219,3932465185
GAB,Gabon,2022,2618.479,6692910397
GAB,Gabon,2023,46.6,6579531640
GAB,Gabon,2024,,
GAB,Gabon,2025,,
GEO,Georgia,2010,3177483,30476893
GEO,Georgia,2011,2237608,36544231
GEO,Georgia,2012,1284,26754730
GEO,Georgia,2013,2194,40713599
GEO,Georgia,2014,5137650.19,36178480.76
GEO,Georgia,2015,46511723.9,84679685.76
GEO,Georgia,2016,785452.67,4370795
GEO,Georgia,2017,4606019.64,6.61
GEO,Georgia,2018,593406.6,3363013.25
GEO,Georgia,2019,122844.4,99
GEO,Georgia,2020,2715031.98,20
GEO,Georgia,2021,,
GEO,Georgia,2022,761702.01,
GEO,Georgia,2023,3608788.28,
GEO,Georgia,2024,5843773.914,
GEO,Georgia,2025,2038606.276,
GHA,Ghana,2010,2778.22,
GHA,Ghana,2011,787744920,2861952915
GHA,Ghana,2012,430691260,3683889033
GHA,Ghana,2013,308723373,3015354824
GHA,Ghana,2014,2869.908,5104.795
GHA,Ghana,2015,2626.521,229.447
GHA,Ghana,2016,404.736,12.717
GHA,Ghana,2017,245.567,502.568
GHA,Ghana,2018,1749.961,853.296
GHA,Ghana,2019,40582.481,812.007
GHA,Ghana,2020,,
GHA,Ghana,2021,3097.473,3766397399
GHA,Ghana,2022,488536.317,5188804225
GHA,Ghana,2023,119193446.1,3974574311
GHA,Ghana,2024,219219242.3,3725229445
GHA,Ghana,2025,459996511.6,2643958811
GIN,Guinea,2010,,
GIN,Guinea,2011,,
GIN,Guinea,2012,,
GIN,Guinea,2013,18873,
GIN,Guinea,2014,300,
GIN,Guinea,2015,,
GIN,Guinea,2016,5928.35,
GIN,Guinea,2017,,
GIN,Guinea,2018,,
GIN,Guinea,2019,,
GIN,Guinea,2020,,
GIN,Guinea,2021,,
GIN,Guinea,2022,,
GIN,Guinea,2023,,
GIN,Guinea,2024,,
GIN,Guinea,2025,,
GRC,Greece,2010,11075405477,
GRC,Greece,2011,12365259702,
GRC,Greece,2012,16522251494,
GRC,Greece,2013,16052193929,176267001
GRC,Greece,2014,14928047955,40069120
GRC,Greece,2015,8070331990,25303890
GRC,Greece,2016,6907005616,39103449
GRC,Greece,2017,1139.605,915.289
GRC,Greece,2018,12426261324.518,275.028
GRC,Greece,2019,471.299,39423213.3
GRC,Greece,2020,30.839,606.506
GRC,Greece,2021,3764.662,24030496.56
GRC,Greece,2022,3307711.044,631.829
GRC,Greece,2023,3762.815,64441299.08
GRC,Greece,2024,30745.017,42743484.7
GRC,Greece,2025,14685069.52,11785499.37
GTM,Guatemala,2010,126785,227787210
GTM,Guatemala,2011,201964,335450911
GTM,Guatemala,2012,128565,291699383
GTM,Guatemala,2013,160940,277350720
GTM,Guatemala,2014,196817,276974498
GTM,Guatemala,2015,396982,126899592
GTM,Guatemala,2016,153654,84493241
GTM,Guatemala,2017,184207,118283513
GTM,Guatemala,2018,345413,125151641
GTM,Guatemala,2019,236079,114346859
GTM,Guatemala,2020,348587,62788644
GTM,Guatemala,2021,708446,75408060
GTM,Guatemala,2022,1863470,95671031
GTM,Guatemala,2023,1314689,43584000
GTM,Guatemala,2024,422735,79249884
GTM,Guatemala,2025,340422,41739000
GUY,Guyana,2010,,
GUY,Guyana,2011,,
GUY,Guyana,2012,33517,
GUY,Guyana,2013,2121,
GUY,Guyana,2014,,
GUY,Guyana,2015,,
GUY,Guyana,2016,12389,
GUY,Guyana,2017,577.421,
GUY,Guyana,2018,1531.423,
GUY,Guyana,2019,16644.176,
GUY,Guyana,2020,17672.977,1278064844
GUY,Guyana,2021,38.369,5950932070
GUY,Guyana,2022,1209.851,19707661922
GUY,Guyana,2023,8334.282,9.002
GUY,Guyana,2024,6489.598,855.692
GUY,Guyana,2025,4275,17748041500.948
HND,Honduras,2010,517,
HND,Honduras,2011,148,
HND,Honduras,2012,116,520
HND,Honduras,2013,,
HND,Honduras,2014,4319,
HND,Honduras,2015,38080,
HND,Honduras,2016,2037,
HND,Honduras,2017,,
HND,Honduras,2018,641.02,
HND,Honduras,2019,,
HND,Honduras,2020,,
HND,Honduras,2021,,
HND,Honduras,2022,,
HND,Honduras,2023,,
HND,Honduras,2024,,
HND,Honduras,2025,,
HRV,Croatia,2010,2034430829,
HRV,Croatia,2011,2287117150,
HRV,Croatia,2012,1874780737,1
HRV,Croatia,2013,1965524557,97
HRV,Croatia,2014,1418780310,42
HRV,Croatia,2015,932441409,
HRV,Croatia,2016,834592629,27
HRV,Croatia,2017,1097175531,67049
HRV,Croatia,2018,1524954397,27051
HRV,Croatia,2019,961731155,72395878
HRV,Croatia,2020,586502847,635252576
HRV,Croatia,2021,939903210,905134926
HRV,Croatia,2022,1292720119,391327310
HRV,Croatia,2023,893556050,311326176
HRV,Croatia,2024,1719311482,773594230
HRV,Croatia,2025,1947742478,533274900
HTI,Haiti,2010,,
HTI,Haiti,2011,,
HTI,Haiti,2012,,
HTI,Haiti,2013,,
HTI,Haiti,2014,132.236,
HTI,Haiti,2015,611.23,
HTI,Haiti,2016,1813.163,
HTI,Haiti,2017,4972.007,
HTI,Haiti,2018,,
HTI,Haiti,2019,,
HTI,Haiti,2020,,
HTI,Haiti,2021,,
HTI,Haiti,2022,,
HTI,Haiti,2023,,
HTI,Haiti,2024,,
HTI,Haiti,2025,,
HUN,Hungary,2010,2949571000,
HUN,Hungary,2011,4649277000,
HUN,Hungary,2012,4397319627,1062612
HUN,Hungary,2013,4488642260,50871809
HUN,Hungary,2014,4309045834,10853406
HUN,Hungary,2015,2182825889,30167960
HUN,Hungary,2016,192,634396
HUN,Hungary,2017,2277108770,20074180
HUN,Hungary,2018,345868,1398418
HUN,Hungary,2019,60331558,48747368
HUN,Hungary,2020,182667263,110506013
HUN,Hungary,2021,917956690,170317694
HUN,Hungary,2022,356445981,112338249
HUN,Hungary,2023,274017099.6,162701046.1
HUN,Hungary,2024,484185620.3,39625883.7
HUN,Hungary,2025,189693002.7,61928265.64
IDN,Indonesia,2010,8531249355,10402867668
IDN,Indonesia,2011,11154455409,13828677857
IDN,Indonesia,2012,10803249662,12293410847
IDN,Indonesia,2013,13585809560,10204709564
IDN,Indonesia,2014,13072429222,9271213972
IDN,Indonesia,2015,8063264037,6479431669
IDN,Indonesia,2016,6730493376,5196717181
IDN,Indonesia,2017,7063600085,5354864570
IDN,Indonesia,2018,9161335053,5120474238
IDN,Indonesia,2019,5704588947,1726630216
IDN,Indonesia,2020,3391684209,1396868368
IDN,Indonesia,2021,1459,73
IDN,Indonesia,2022,1862,500
IDN,Indonesia,2023,11142160066,1749295580
IDN,Indonesia,2024,10352973488,24065639.46
IDN,Indonesia,2025,9309692782,1555608937
IND,India,2010,88611032721,19441146
IND,India,2011,1.22126E+11,15501227
IND,India,2012,1.48757E+11,14663
IND,India,2013,1.48047E+11,13776
IND,India,2014,1.35826E+11,561674
IND,India,2015,72321670063,
IND,India,2016,60869089420,
IND,India,2017,82101926634.268,
IND,India,2018,114708238144.142,175.991
IND,India,2019,101948596916.839,
IND,India,2020,64579747983.623,
IND,India,2021,106406786611.469,
IND,India,2022,173515902760.238,
IND,India,2023,140386299645.495,
IND,India,2024,141532322252.516,
IND,India,2025,138860184166.925,
IRL,Ireland,2010,1814308352,34216.756
IRL,Ireland,2011,2402088855,38989150.91
IRL,Ireland,2012,2402797848,98.989
IRL,Ireland,2013,2490754716,
IRL,Ireland,2014,2118518111,1498.549
IRL,Ireland,2015,1549137014,4204908.924
IRL,Ireland,2016,1130213871,21094.25
IRL,Ireland,2017,1396659593,104982449.4
IRL,Ireland,2018,1628526985,1845.831
IRL,Ireland,2019,1326025641,8705.038
IRL,Ireland,2020,1076176103,47020626.25
IRL,Ireland,2021,1639209785,56220122.42
IRL,Ireland,2022,2538761679,100364849.7
IRL,Ireland,2023,1867578979,90392363.37
IRL,Ireland,2024,1246881113,74126.826
IRL,Ireland,2025,1735520342,94412.977
IRN,"Iran, Islamic Rep.",2010,,46709440999
IRN,"Iran, Islamic Rep.",2011,,84381572020
IRN,"Iran, Islamic Rep.",2012,,
IRN,"Iran, Islamic Rep.",2013,,46904434245
IRN,"Iran, Islamic Rep.",2014,10351.7,38938376818
IRN,"Iran, Islamic Rep.",2015,,19257358400
IRN,"Iran, Islamic Rep.",2016,,35074460641
IRN,"Iran, Islamic Rep.",2017,,48310933326
IRN,"Iran, Islamic Rep.",2018,286,50823248889
IRN,"Iran, Islamic Rep.",2019,,16153935333
IRN,"Iran, Islamic Rep.",2020,,10034998163
IRN,"Iran, Islamic Rep.",2021,,19069411299
IRN,"Iran, Islamic Rep.",2022,,22485849684
IRN,"Iran, Islamic Rep.",2023,,
IRN,"Iran, Islamic Rep.",2024,,
IRN,"Iran, Islamic Rep.",2025,,
IRQ,Iraq,2010,,52202600000
IRQ,Iraq,2011,,82986100000
IRQ,Iraq,2012,,94027500000
IRQ,Iraq,2013,,89214500000
IRQ,Iraq,2014,,84129800000
IRQ,Iraq,2015,,49058200000
IRQ,Iraq,2016,,43622900000
IRQ,Iraq,2017,,
IRQ,Iraq,2018,,
IRQ,Iraq,2019,,
IRQ,Iraq,2020,,
IRQ,Iraq,2021,,75650500000
IRQ,Iraq,2022,,1.15569E+11
IRQ,Iraq,2023,,97573600000
IRQ,Iraq,2024,6415,95025300000
IRQ,Iraq,2025,,
ISL,Iceland,2010,11586,93
ISL,Iceland,2011,5340,
ISL,Iceland,2012,2678,
ISL,Iceland,2013,4844,
ISL,Iceland,2014,55006,
ISL,Iceland,2015,377,
ISL,Iceland,2016,5150,
ISL,Iceland,2017,516.255,
ISL,Iceland,2018,4805.932,
ISL,Iceland,2019,5531.985,
ISL,Iceland,2020,457.836,
ISL,Iceland,2021,340.541,
ISL,Iceland,2022,2103.439,
ISL,Iceland,2023,170.773,
ISL,Iceland,2024,533.64,
ISL,Iceland,2025,1214.194,48.645
ISR,Israel,2010,6675826000,3829000
ISR,Israel,2011,8645707000,6497000
ISR,Israel,2012,9472040000,4562000
ISR,Israel,2013,9062483000,4180000
ISR,Israel,2014,8459613000,6487000
ISR,Israel,2015,4552180000,4500000
ISR,Israel,2016,3271931000,2391000
ISR,Israel,2017,4490556000,2337000
ISR,Israel,2018,6126655000,1945000
ISR,Israel,2019,5940718000,7163000
ISR,Israel,2020,3755667000,
ISR,Israel,2021,6432930000,
ISR,Israel,2022,9752681000,1401000
ISR,Israel,2023,8396301000,
ISR,Israel,2024,7038699000,
ISR,Israel,2025,5775735000,
ITA,Italy,2010,46054318548,220740867
ITA,Italy,2011,57874913812,550025163
ITA,Italy,2012,56916310602,724030861
ITA,Italy,2013,46459807004,453909882
ITA,Italy,2014,38523919112,382435128
ITA,Italy,2015,23788949759.783,309078345.5
ITA,Italy,2016,18885116478.312,227963677.7
ITA,Italy,2017,26121361948.068,364296068.7
ITA,Italy,2018,32542251012.372,325200381.2
ITA,Italy,2019,29102359197.349,44184594.5
ITA,Italy,2020,16214614421.711,246780789
ITA,Italy,2021,29920562084.015,464642688.7
ITA,Italy,2022,44918150970.618,487399795.9
ITA,Italy,2023,38956969982.234,721975013.2
ITA,Italy,2024,33567611094.437,638312431.1
ITA,Italy,2025,25199259698.535,579404466.5
JAM,Jamaica,2010,627689796,
JAM,Jamaica,2011,901614486,
JAM,Jamaica,2012,939267530,797
JAM,Jamaica,2013,921209944,
JAM,Jamaica,2014,642218218.7,
JAM,Jamaica,2015,414322275,
JAM,Jamaica,2016,324239644,
JAM,Jamaica,2017,405459747,400.77
JAM,Jamaica,2018,516498992.6,1134.45
JAM,Jamaica,2019,635853477.9,
JAM,Jamaica,2020,380099717.7,
JAM,Jamaica,2021,580889965.7,
JAM,Jamaica,2022,728222388.2,
JAM,Jamaica,2023,486447492.2,
JAM,Jamaica,2024,511576266.4,
JAM,Jamaica,2025,488283541.9,
JOR,Jordan,2010,1866112630,
JOR,Jordan,2011,2485179804,
JOR,Jordan,2012,2637551692,
JOR,Jordan,2013,2284738135,21552
JOR,Jordan,2014,2313640168,
JOR,Jordan,2015,1311372915,
JOR,Jordan,2016,913560306,101121
JOR,Jordan,2017,1094048571,152045.102
JOR,Jordan,2018,1233548438,
JOR,Jordan,2019,1101499747,
JOR,Jordan,2020,556876821.2,
JOR,Jordan,2021,1052283426,
JOR,Jordan,2022,1355193510,
JOR,Jordan,2023,1043466717,76159.155
JOR,Jordan,2024,1067255038,
JOR,Jordan,2025,,
JPN,Japan,2010,1.05814E+11,31682
JPN,Japan,2011,1.42101E+11,
JPN,Japan,2012,1.53107E+11,
JPN,Japan,2013,1.45721E+11,
JPN,Japan,2014,1.30657E+11,29117122
JPN,Japan,2015,45005801005,1942
JPN,Japan,2016,50767543407,
JPN,Japan,2017,63754236994.106,6063565.035
JPN,Japan,2018,80577087134,
JPN,Japan,2019,73086768742.827,
JPN,Japan,2020,43495449526.743,
JPN,Japan,2021,63103354048.043,110164.124
JPN,Japan,2022,1.00922E+11,4915255.64
JPN,Japan,2023,80928327590.753,
JPN,Japan,2024,71811869887.915,
JPN,Japan,2025,64219597238.286,102705.163
KAZ,Kazakhstan,2010,1340913338,36982293272
KAZ,Kazakhstan,2011,2502419025,55174350585
KAZ,Kazakhstan,2012,2198854780,56442431850
KAZ,Kazakhstan,2013,2841319270,57249535115
KAZ,Kazakhstan,2014,188048213,53626939227
KAZ,Kazakhstan,2015,17073752,26773012920
KAZ,Kazakhstan,2016,7081064,19378014069
KAZ,Kazakhstan,2017,13301867.95,26584238979
KAZ,Kazakhstan,2018,7860944.39,710745568.7
KAZ,Kazakhstan,2019,11019600.21,460295600.1
KAZ,Kazakhstan,2020,4235358.51,158295102.8
KAZ,Kazakhstan,2021,185093.18,472168720.9
KAZ,Kazakhstan,2022,304755,921978629
KAZ,Kazakhstan,2023,10730341.42,42314945073
KAZ,Kazakhstan,2024,4230.24,42878761295
KAZ,Kazakhstan,2025,97097.22,39977218101
KEN,Kenya,2010,915168994,52963
KEN,Kenya,2011,,
KEN,Kenya,2012,,
KEN,Kenya,2013,476504027,11438
KEN,Kenya,2014,,
KEN,Kenya,2015,2613.59,56074.86
KEN,Kenya,2016,2168.56,42279.43
KEN,Kenya,2017,476.398,411195.678
KEN,Kenya,2018,1962.046,7436.43
KEN,Kenya,2019,2288.64,5608.19
KEN,Kenya,2020,164.611,1661.894
KEN,Kenya,2021,1976.076,14548.336
KEN,Kenya,2022,874.198,13614269.22
KEN,Kenya,2023,,4429.1
KEN,Kenya,2024,864.247,4745.664
KEN,Kenya,2025,,
KGZ,Kyrgyz Republic,2010,5177868,1024957
KGZ,Kyrgyz Republic,2011,,792917
KGZ,Kyrgyz Republic,2012,4704435,
KGZ,Kyrgyz Republic,2013,640536,1036455
KGZ,Kyrgyz Republic,2014,2782993,2838159
KGZ,Kyrgyz Republic,2015,706463,
KGZ,Kyrgyz Republic,2016,4046712,2644462
KGZ,Kyrgyz Republic,2017,131682,3133063
KGZ,Kyrgyz Republic,2018,650781,7959955
KGZ,Kyrgyz Republic,2019,4493,13590340
KGZ,Kyrgyz Republic,2020,200226,9165609
KGZ,Kyrgyz Republic,2021,336038,1006646
KGZ,Kyrgyz Republic,2022,57335,
KGZ,Kyrgyz Republic,2023,3408852,
KGZ,Kyrgyz Republic,2024,166427,
KGZ,Kyrgyz Republic,2025,12657058,
KHM,Cambodia,2010,3023,
KHM,Cambodia,2011,192,
KHM,Cambodia,2012,93,
KHM,Cambodia,2013,8633,
KHM,Cambodia,2014,780,
KHM,Cambodia,2015,412,
KHM,Cambodia,2016,,
KHM,Cambodia,2017,1207.44,
KHM,Cambodia,2018,,
KHM,Cambodia,2019,33173.73,
KHM,Cambodia,2020,,
KHM,Cambodia,2021,,
KHM,Cambodia,2022,,
KHM,Cambodia,2023,,
KHM,Cambodia,2024,356,
KHM,Cambodia,2025,,
KIR,Kiribati,2010,280068,
KIR,Kiribati,2011,64006,
KIR,Kiribati,2012,,
KIR,Kiribati,2013,2524,
KIR,Kiribati,2014,559.509,
KIR,Kiribati,2015,530.065,
KIR,Kiribati,2016,619.82,
KIR,Kiribati,2017,1972.907,
KIR,Kiribati,2018,,
KIR,Kiribati,2019,,
KIR,Kiribati,2020,,
KIR,Kiribati,2021,,
KIR,Kiribati,2022,,
KIR,Kiribati,2023,,
KIR,Kiribati,2024,,
KIR,Kiribati,2025,,
KOR,"Korea, Rep.",2010,68662187707,1800
KOR,"Korea, Rep.",2011,1.00806E+11,1830
KOR,"Korea, Rep.",2012,1.08298E+11,2200
KOR,"Korea, Rep.",2013,99333166978,3697
KOR,"Korea, Rep.",2014,94971595948,5652
KOR,"Korea, Rep.",2015,55119664166,2004
KOR,"Korea, Rep.",2016,44294822080,861
KOR,"Korea, Rep.",2017,59602860836,5758
KOR,"Korea, Rep.",2018,80393245329,2511
KOR,"Korea, Rep.",2019,70251768064,5724
KOR,"Korea, Rep.",2020,44455595815,3234
KOR,"Korea, Rep.",2021,67012528175,9
KOR,"Korea, Rep.",2022,1.05964E+11,9382
KOR,"Korea, Rep.",2023,86158418645,7078
KOR,"Korea, Rep.",2024,85334419380,50
KOR,"Korea, Rep.",2025,75304834849,1441
KWT,Kuwait,2010,,36852960426
KWT,Kuwait,2011,,68810913402
KWT,Kuwait,2012,,
KWT,Kuwait,2013,36319,79041032289
KWT,Kuwait,2014,,69298183246
KWT,Kuwait,2015,,34132498336.703
KWT,Kuwait,2016,,30694076699
KWT,Kuwait,2017,,38152286384.465
KWT,Kuwait,2018,,51727068083
KWT,Kuwait,2019,,46539357988
KWT,Kuwait,2020,,28629492308
KWT,Kuwait,2021,,41770746523
KWT,Kuwait,2022,,68036100177.451
KWT,Kuwait,2023,,49827754836.684
KWT,Kuwait,2024,,35530010116
KWT,Kuwait,2025,,33955677473.766
LAO,Lao PDR,2010,776837,
LAO,Lao PDR,2011,862157,2400
LAO,Lao PDR,2012,27718535,
LAO,Lao PDR,2013,6177866,
LAO,Lao PDR,2014,6753839,
LAO,Lao PDR,2015,3199810,
LAO,Lao PDR,2016,2552961,
LAO,Lao PDR,2017,2178777,
LAO,Lao PDR,2018,2897083,
LAO,Lao PDR,2019,3186421.59,1600
LAO,Lao PDR,2020,3813764.31,150
LAO,Lao PDR,2021,35767115.24,50
LAO,Lao PDR,2022,24584703.65,100
LAO,Lao PDR,2023,1563707.2,1260
LAO,Lao PDR,2024,,
LAO,Lao PDR,2025,,
LBN,Lebanon,2010,80986,2717
LBN,Lebanon,2011,41717,65444
LBN,Lebanon,2012,57312,41759
LBN,Lebanon,2013,132914,126874
LBN,Lebanon,2014,369051,203807
LBN,Lebanon,2015,21360.724,762.198
LBN,Lebanon,2016,176825,5000
LBN,Lebanon,2017,200,108
LBN,Lebanon,2018,634,33159
LBN,Lebanon,2019,478.29,6586.87
LBN,Lebanon,2020,,115
LBN,Lebanon,2021,34815,
LBN,Lebanon,2022,41264,9720
LBN,Lebanon,2023,,2440
LBN,Lebanon,2024,,
LBN,Lebanon,2025,,
LBY,Libya,2010,,30544935115
LBY,Libya,2011,,
LBY,Libya,2012,,
LBY,Libya,2013,,
LBY,Libya,2014,,
LBY,Libya,2015,,
LBY,Libya,2016,,15280618902
LBY,Libya,2017,,15280618902
LBY,Libya,2018,,25305384186
LBY,Libya,2019,,24182530749.704
LBY,Libya,2020,,
LBY,Libya,2021,,
LBY,Libya,2022,,
LBY,Libya,2023,,
LBY,Libya,2024,,
LBY,Libya,2025,,
LKA,Sri Lanka,2010,751619824,6598
LKA,Sri Lanka,2011,1354053044,51
LKA,Sri Lanka,2012,1289273005,3067
LKA,Sri Lanka,2013,1344170078,57
LKA,Sri Lanka,2014,1337736233,2710
LKA,Sri Lanka,2015,754442134,2806
LKA,Sri Lanka,2016,488601576,2475
LKA,Sri Lanka,2017,602845536.7,174.966
LKA,Sri Lanka,2018,,
LKA,Sri Lanka,2019,749678663,
LKA,Sri Lanka,2020,404880035.3,
LKA,Sri Lanka,2021,489548989.4,
LKA,Sri Lanka,2022,389194693.1,
LKA,Sri Lanka,2023,921231694.7,
LKA,Sri Lanka,2024,766353167.9,3431.74
LKA,Sri Lanka,2025,797170972.9,
LTU,Lithuania,2010,5566126031,64586128
LTU,Lithuania,2011,7477766555,65646442
LTU,Lithuania,2012,7463835742,63174410
LTU,Lithuania,2013,7170509174,53431552
LTU,Lithuania,2014,5643467995,45769219
LTU,Lithuania,2015,3217248866,19991723
LTU,Lithuania,2016,2711593893,16311199
LTU,Lithuania,2017,3887804170,16312063
LTU,Lithuania,2018,4898313326,24352149
LTU,Lithuania,2019,4409898535,17537068
LTU,Lithuania,2020,2414593109,12330124
LTU,Lithuania,2021,4198506295,10685884
LTU,Lithuania,2022,6110999215,17242129
LTU,Lithuania,2023,5837359050,19534149
LTU,Lithuania,2024,5465581486,
LTU,Lithuania,2025,5148318690,546430
LUX,Luxembourg,2010,100809,457
LUX,Luxembourg,2011,61725,237
LUX,Luxembourg,2012,65435,
LUX,Luxembourg,2013,40049,8230
LUX,Luxembourg,2014,239663,4036
LUX,Luxembourg,2015,26769,2334
LUX,Luxembourg,2016,30504,15
LUX,Luxembourg,2017,23507.532,8.495
LUX,Luxembourg,2018,14398.177,22.233
LUX,Luxembourg,2019,19659.183,36.952
LUX,Luxembourg,2020,18097.445,547.295
LUX,Luxembourg,2021,1720.166,26.706
LUX,Luxembourg,2022,2625.134,
LUX,Luxembourg,2023,2956.999,11.775
LUX,Luxembourg,2024,13761.602,
LUX,Luxembourg,2025,4730.109,
LVA,Latvia,2010,131769,279864
LVA,Latvia,2011,626397,33565911
LVA,Latvia,2012,63254,33355126
LVA,Latvia,2013,1197215,2049995
LVA,Latvia,2014,39890124.15,57530697.35
LVA,Latvia,2015,513411.803,1931167.842
LVA,Latvia,2016,434091.936,2142290.104
LVA,Latvia,2017,590145.354,2352950.422
LVA,Latvia,2018,606977.289,3638353.94
LVA,Latvia,2019,1553550.751,3323622.426
LVA,Latvia,2020,146061.753,1744589.181
LVA,Latvia,2021,395030.533,1892333.638
LVA,Latvia,2022,2989.605,2115509.409
LVA,Latvia,2023,513.603,1052722.047
LVA,Latvia,2024,1559.238,674997.064
LVA,Latvia,2025,134474.473,1245381.658
MAR,Morocco,2010,2979573658,
MAR,Morocco,2011,3888048828,
MAR,Morocco,2012,4351985730,78233
MAR,Morocco,2013,4320724988,329399
MAR,Morocco,2014,3374216953,
MAR,Morocco,2015,1120433734,
MAR,Morocco,2016,201,
MAR,Morocco,2017,2476.583,
MAR,Morocco,2018,25.193,1470.259
MAR,Morocco,2019,1346.459,
MAR,Morocco,2020,4734.097,
MAR,Morocco,2021,5924.469,
MAR,Morocco,2022,8944.694,
MAR,Morocco,2023,,
MAR,Morocco,2024,346.133,
MAR,Morocco,2025,122.409,
MDG,Madagascar,2010,8.235,
MDG,Madagascar,2011,,
MDG,Madagascar,2012,947.585,
MDG,Madagascar,2013,,31.105
MDG,Madagascar,2014,,
MDG,Madagascar,2015,59.558,
MDG,Madagascar,2016,,
MDG,Madagascar,2017,,168.107
MDG,Madagascar,2018,,
MDG,Madagascar,2019,600.554,
MDG,Madagascar,2020,,
MDG,Madagascar,2021,,
MDG,Madagascar,2022,,7.21
MDG,Madagascar,2023,,
MDG,Madagascar,2024,,
MDG,Madagascar,2025,,
MDV,Maldives,2010,,
MDV,Maldives,2011,,
MDV,Maldives,2012,,
MDV,Maldives,2013,,
MDV,Maldives,2014,,
MDV,Maldives,2015,,
MDV,Maldives,2016,,
MDV,Maldives,2017,,
MDV,Maldives,2018,,
MDV,Maldives,2019,,
MDV,Maldives,2020,,
MDV,Maldives,2021,,
MDV,Maldives,2022,,
MDV,Maldives,2023,,
MDV,Maldives,2024,2587.758,
MDV,Maldives,2025,,
MEX,Mexico,2010,4,35907426385
MEX,Mexico,2011,1480,49380593928
MEX,Mexico,2012,10421,46852354811
MEX,Mexico,2013,91564,42711655472
MEX,Mexico,2014,3058,72928612
MEX,Mexico,2015,4030,269766555
MEX,Mexico,2016,10699,15582026364
MEX,Mexico,2017,109209,20047210169
MEX,Mexico,2018,74160,4
MEX,Mexico,2019,151,10
MEX,Mexico,2020,,6
MEX,Mexico,2021,,24130558521
MEX,Mexico,2022,,31587350914
MEX,Mexico,2023,,27576064996
MEX,Mexico,2024,,22218689852
MEX,Mexico,2025,,14795794040
MHL,Marshall Islands,2010,,
MHL,Marshall Islands,2011,,
MHL,Marshall Islands,2012,,
MHL,Marshall Islands,2013,,
MHL,Marshall Islands,2014,,
MHL,Marshall Islands,2015,,
MHL,Marshall Islands,2016,,
MHL,Marshall Islands,2017,,
MHL,Marshall Islands,2018,,
MHL,Marshall Islands,2019,,
MHL,Marshall Islands,2020,,
MHL,Marshall Islands,2021,,
MHL,Marshall Islands,2022,,
MHL,Marshall Islands,2023,,
MHL,Marshall Islands,2024,,
MHL,Marshall Islands,2025,,
MLI,Mali,2010,,
MLI,Mali,2011,,
MLI,Mali,2012,683,
MLI,Mali,2013,,
MLI,Mali,2014,,
MLI,Mali,2015,,
MLI,Mali,2016,,
MLI,Mali,2017,,
MLI,Mali,2018,164850.57,
MLI,Mali,2019,182.95,
MLI,Mali,2020,,
MLI,Mali,2021,,
MLI,Mali,2022,,
MLI,Mali,2023,,
MLI,Mali,2024,,
MLI,Mali,2025,,
MMR,Myanmar,2010,47.14,
MMR,Myanmar,2011,1599,
MMR,Myanmar,2012,785,
MMR,Myanmar,2013,1798,
MMR,Myanmar,2014,39338.33,77225347.5
MMR,Myanmar,2015,,61058176.93
MMR,Myanmar,2016,14118.22,17268822.25
MMR,Myanmar,2017,18544.65,93834190
MMR,Myanmar,2018,10745.5,43119861
MMR,Myanmar,2019,750.83,65518370
MMR,Myanmar,2020,60076.99,18656200
MMR,Myanmar,2021,124899,
MMR,Myanmar,2022,,
MMR,Myanmar,2023,,16999500
MMR,Myanmar,2024,,
MMR,Myanmar,2025,2419.06,
MNG,Mongolia,2010,,
MNG,Mongolia,2011,,
MNG,Mongolia,2012,,
MNG,Mongolia,2013,,515455603
MNG,Mongolia,2014,,634611356
MNG,Mongolia,2015,467236,387217279
MNG,Mongolia,2016,1397461,337180574
MNG,Mongolia,2017,,356928680.5
MNG,Mongolia,2018,28275.52,370107860.6
MNG,Mongolia,2019,,344861436.2
MNG,Mongolia,2020,,137721090.1
MNG,Mongolia,2021,,256781838.5
MNG,Mongolia,2022,,243491925.3
MNG,Mongolia,2023,5676619.62,364741781.6
MNG,Mongolia,2024,,
MNG,Mongolia,2025,,
MOZ,Mozambique,2010,2401,
MOZ,Mozambique,2011,17000,
MOZ,Mozambique,2012,12290,12
MOZ,Mozambique,2013,23520,
MOZ,Mozambique,2014,43450,
MOZ,Mozambique,2015,8643.91,
MOZ,Mozambique,2016,700.5,
MOZ,Mozambique,2017,9054.285,602.82
MOZ,Mozambique,2018,56499.222,
MOZ,Mozambique,2019,175100.581,
MOZ,Mozambique,2020,61230.131,
MOZ,Mozambique,2021,17348.724,
MOZ,Mozambique,2022,6.435,
MOZ,Mozambique,2023,16000,90474000
MOZ,Mozambique,2024,138493,95515041
MOZ,Mozambique,2025,,
MRT,Mauritania,2010,452,262433117
MRT,Mauritania,2011,,107486066
MRT,Mauritania,2012,1021,271296781
MRT,Mauritania,2013,741758,
MRT,Mauritania,2014,,
MRT,Mauritania,2015,99532.78,79769252.62
MRT,Mauritania,2016,,
MRT,Mauritania,2017,,
MRT,Mauritania,2018,39250.88,
MRT,Mauritania,2019,13523.48,
MRT,Mauritania,2020,704021.284,
MRT,Mauritania,2021,522.8,
MRT,Mauritania,2022,396.857,
MRT,Mauritania,2023,,394.207
MRT,Mauritania,2024,,
MRT,Mauritania,2025,,
MUS,Mauritius,2010,,
MUS,Mauritius,2011,,
MUS,Mauritius,2012,3276,
MUS,Mauritius,2013,,
MUS,Mauritius,2014,,
MUS,Mauritius,2015,,
MUS,Mauritius,2016,,
MUS,Mauritius,2017,,
MUS,Mauritius,2018,,
MUS,Mauritius,2019,,
MUS,Mauritius,2020,,
MUS,Mauritius,2021,,
MUS,Mauritius,2022,,
MUS,Mauritius,2023,,
MUS,Mauritius,2024,,
MUS,Mauritius,2025,,
MYS,Malaysia,2010,5688221184,9646130917
MYS,Malaysia,2011,7846406319,10760272566
MYS,Malaysia,2012,8963271367,10440086444
MYS,Malaysia,2013,7152869547,10220769364
MYS,Malaysia,2014,7713475492,10518325092
MYS,Malaysia,2015,3282164589,6852851101
MYS,Malaysia,2016,2819239775,5653369197
MYS,Malaysia,2017,12564187.24,1599703.368
MYS,Malaysia,2018,1756929.586,475069.471
MYS,Malaysia,2019,6474024249,7029151842
MYS,Malaysia,2020,4600947545,10227.235
MYS,Malaysia,2021,3477508212,5235448094
MYS,Malaysia,2022,14697045.82,2084663.636
MYS,Malaysia,2023,9497721.333,3321558.486
MYS,Malaysia,2024,9408254.391,2423360.742
MYS,Malaysia,2025,15308656.95,2293458.219
NAM,Namibia,2010,753697,1125299
NAM,Namibia,2011,366056,2071944
NAM,Namibia,2012,874581,1954227
NAM,Namibia,2013,258684,155767
NAM,Namibia,2014,185983,232765
NAM,Namibia,2015,4738414,89858
NAM,Namibia,2016,3766140,46501
NAM,Namibia,2017,3490753.807,45053.956
NAM,Namibia,2018,313470.52,974179.885
NAM,Namibia,2019,617000.992,169.566
NAM,Namibia,2020,10137.521,8428.96
NAM,Namibia,2021,9128793.895,231419.728
NAM,Namibia,2022,8005026.588,314545.652
NAM,Namibia,2023,127550.897,1.607
NAM,Namibia,2024,9750.799,5629.193
NAM,Namibia,2025,,
NER,Niger,2010,5866,150
NER,Niger,2011,255,
NER,Niger,2012,176,2421
NER,Niger,2013,4848,201
NER,Niger,2014,3767,170
NER,Niger,2015,,421
NER,Niger,2016,238.481,
NER,Niger,2017,192.19,
NER,Niger,2018,,
NER,Niger,2019,,
NER,Niger,2020,,
NER,Niger,2021,,
NER,Niger,2022,,
NER,Niger,2023,,51.15
NER,Niger,2024,,748936604.2
NER,Niger,2025,,
NGA,Nigeria,2010,103386,60904645725
NGA,Nigeria,2011,24509296,90118895358
NGA,Nigeria,2012,,99054529628
NGA,Nigeria,2013,,74953784338
NGA,Nigeria,2014,,75033422632
NGA,Nigeria,2015,,34380007804
NGA,Nigeria,2016,,26979833380
NGA,Nigeria,2017,,36057296059.213
NGA,Nigeria,2018,,51371204851.773
NGA,Nigeria,2019,,41039870941
NGA,Nigeria,2020,299.481,26322067330.493
NGA,Nigeria,2021,,35998144403.308
NGA,Nigeria,2022,,49932928897.913
NGA,Nigeria,2023,,52520992085
NGA,Nigeria,2024,,37380669161.523
NGA,Nigeria,2025,3776317654,31237354302.809
NIC,Nicaragua,2010,475515698,394
NIC,Nicaragua,2011,617492253,88
NIC,Nicaragua,2012,440510146,82
NIC,Nicaragua,2013,505501073,197
NIC,Nicaragua,2014,508070779,
NIC,Nicaragua,2015,300750608,
NIC,Nicaragua,2016,32.74,
NIC,Nicaragua,2017,15.8,206.69
NIC,Nicaragua,2018,397615668,
NIC,Nicaragua,2019,267439333.3,
NIC,Nicaragua,2020,188127950.5,51
NIC,Nicaragua,2021,384421904.5,
NIC,Nicaragua,2022,644807483.4,
NIC,Nicaragua,2023,604926458.5,
NIC,Nicaragua,2024,519278039.5,
NIC,Nicaragua,2025,,
NLD,Netherlands,2010,35933064098,180616122
NLD,Netherlands,2011,45424987729.054,62784985.02
NLD,Netherlands,2012,53293887168.989,332237508.2
NLD,Netherlands,2013,52157481265.779,304572101.5
NLD,Netherlands,2014,46632990954.328,370062043.6
NLD,Netherlands,2015,25209452189.113,184060524.6
NLD,Netherlands,2016,21568500912.108,77531196.04
NLD,Netherlands,2017,28398192945,65164234.3
NLD,Netherlands,2018,35848721231.752,119442580.6
NLD,Netherlands,2019,34062712901.949,75436807.09
NLD,Netherlands,2020,21979696447.287,67889319.3
NLD,Netherlands,2021,35478360935.062,189906152.6
NLD,Netherlands,2022,58665338120.039,9020872844
NLD,Netherlands,2023,54764779210.713,17016670108.246
NLD,Netherlands,2024,49020328699.676,17039634176.931
NLD,Netherlands,2025,38351587542.666,14969401187.486
NOR,Norway,2010,858304307,47778768712
NOR,Norway,2011,1019490876,59315040594
NOR,Norway,2012,1140970578,54655852955
NOR,Norway,2013,1465986063,49721219647
NOR,Norway,2014,904462049,46255258996
NOR,Norway,2015,449852675.6,25059681953.394
NOR,Norway,2016,174800857,22832062038
NOR,Norway,2017,679814879.4,25874694736.506
NOR,Norway,2018,1768207080,32979366426.107
NOR,Norway,2019,1713564770,29305062240.449
NOR,Norway,2020,1036073857,22558847311.643
NOR,Norway,2021,1214067068,41896621057.974
NOR,Norway,2022,605228769.6,56750851151
NOR,Norway,2023,1209585410,50212905016.023
NOR,Norway,2024,722302746.2,49315597174.495
NOR,Norway,2025,844519329.9,42263065948.132
NPL,Nepal,2010,81,
NPL,Nepal,2011,4906,
NPL,Nepal,2012,4,
NPL,Nepal,2013,930,
NPL,Nepal,2014,16,
NPL,Nepal,2015,30453,
NPL,Nepal,2016,48140.856,
NPL,Nepal,2017,82128.829,
NPL,Nepal,2018,11285.06,
NPL,Nepal,2019,25075.07,
NPL,Nepal,2020,984.2,
NPL,Nepal,2021,995.9,
NPL,Nepal,2022,,
NPL,Nepal,2023,,
NPL,Nepal,2024,,
NPL,Nepal,2025,,
NRU,Naoero,2010,,
NRU,Naoero,2011,,
NRU,Naoero,2012,,
NRU,Naoero,2013,,
NRU,Naoero,2014,,
NRU,Naoero,2015,,
NRU,Naoero,2016,,
NRU,Naoero,2017,,
NRU,Naoero,2018,,
NRU,Naoero,2019,,
NRU,Naoero,2020,,
NRU,Naoero,2021,,
NRU,Naoero,2022,,
NRU,Naoero,2023,,
NRU,Naoero,2024,,
NRU,Naoero,2025,,
NZL,New Zealand,2010,2911863316,1401554579
NZL,New Zealand,2011,4337207244,1753570372
NZL,New Zealand,2012,4608737576,1487416861
NZL,New Zealand,2013,4399525438,1176370560
NZL,New Zealand,2014,3982120250,1126658082
NZL,New Zealand,2015,2232563261,506512239.7
NZL,New Zealand,2016,1771365926,410563941.2
NZL,New Zealand,2017,2211317044,443956340.3
NZL,New Zealand,2018,2934265798,341155240.5
NZL,New Zealand,2019,2803287936,452018993.7
NZL,New Zealand,2020,1529324866,276729578
NZL,New Zealand,2021,1949303447,326152420.5
NZL,New Zealand,2022,529634709.4,577428907
NZL,New Zealand,2023,32157.902,492749167.7
NZL,New Zealand,2024,84846.754,423230611.2
NZL,New Zealand,2025,112477.218,381769405.9
OMN,Oman,2010,307954,20826318617
OMN,Oman,2011,288620,27723381726
OMN,Oman,2012,3831136,30676561104
OMN,Oman,2013,15938066,32087129500
OMN,Oman,2014,4338348.114,30146468745.855
OMN,Oman,2015,,17379452272
OMN,Oman,2016,,12839270626
OMN,Oman,2017,,15072300334
OMN,Oman,2018,1906.372,20099608074
OMN,Oman,2019,15003.9,19651213425.149
OMN,Oman,2020,23734.718,13143217532.325
OMN,Oman,2021,20591128.71,18686070386.881
OMN,Oman,2022,153778.933,30315798685.976
OMN,Oman,2023,158208.062,25789336761
OMN,Oman,2024,90236.671,25768634396.603
OMN,Oman,2025,3832021042,21856647924.182
PAK,Pakistan,2010,3516277463,
PAK,Pakistan,2011,5199413377,
PAK,Pakistan,2012,5270312419,
PAK,Pakistan,2013,5473296099,
PAK,Pakistan,2014,5609124486,222906141
PAK,Pakistan,2015,3022858180,175652705
PAK,Pakistan,2016,1983026666,76992339
PAK,Pakistan,2017,3135387842,114475658.4
PAK,Pakistan,2018,4903909587,262066956.5
PAK,Pakistan,2019,3908363642,248077295.5
PAK,Pakistan,2020,2267400248,119121643.9
PAK,Pakistan,2021,4204461422,171430759.4
PAK,Pakistan,2022,5961414859,292835510.2
PAK,Pakistan,2023,4797216150,26822987.19
PAK,Pakistan,2024,5608000767,67590587.63
PAK,Pakistan,2025,5752246121,37474689.1
PAN,Panama,2010,,
PAN,Panama,2011,,
PAN,Panama,2012,,
PAN,Panama,2013,,
PAN,Panama,2014,,
PAN,Panama,2015,,
PAN,Panama,2016,,
PAN,Panama,2017,,
PAN,Panama,2018,,
PAN,Panama,2019,,
PAN,Panama,2020,,
PAN,Panama,2021,,
PAN,Panama,2022,,
PAN,Panama,2023,,
PAN,Panama,2024,,
PAN,Panama,2025,,
PER,Peru,2010,6871.71,505067259.3
PER,Peru,2011,3664943458,574245970.4
PER,Peru,2012,3675693386,578623675.1
PER,Peru,2013,300319.85,537895454.3
PER,Peru,2014,321.58,14333383.75
PER,Peru,2015,1620694091,120071322
PER,Peru,2016,71.78,24015807.21
PER,Peru,2017,243.56,25644313.93
PER,Peru,2018,2866433041,138873875.6
PER,Peru,2019,2482727959,121953948.9
PER,Peru,2020,774419015,151659630.3
PER,Peru,2021,1818520990,289657421.8
PER,Peru,2022,2556905489,508915564.7
PER,Peru,2023,3223329137,221631764.7
PER,Peru,2024,3925393134,274789517.5
PER,Peru,2025,,
PHL,Philippines,2010,5541204760,339780981
PHL,Philippines,2011,7874159855,415181803
PHL,Philippines,2012,7618780092,597764069
PHL,Philippines,2013,6611620618,975472251
PHL,Philippines,2014,6340036555,1014979342
PHL,Philippines,2015,3952411508,289704504
PHL,Philippines,2016,2905140984,173591470
PHL,Philippines,2017,3492167201,195753411
PHL,Philippines,2018,5160572259,202677308
PHL,Philippines,2019,3468547917,170097781
PHL,Philippines,2020,1345616742,221360958
PHL,Philippines,2021,1886525739,216318265
PHL,Philippines,2022,3782077936,323547500
PHL,Philippines,2023,4200748655,169108970
PHL,Philippines,2024,3710128605,168274610
PHL,Philippines,2025,3755392073,131852350
PLW,Palau,2010,385,
PLW,Palau,2011,44925,
PLW,Palau,2012,30902,
PLW,Palau,2013,26974,
PLW,Palau,2014,,
PLW,Palau,2015,,
PLW,Palau,2016,,
PLW,Palau,2017,,
PLW,Palau,2018,,
PLW,Palau,2019,,
PLW,Palau,2020,,
PLW,Palau,2021,,
PLW,Palau,2022,,
PLW,Palau,2023,,
PLW,Palau,2024,,
PLW,Palau,2025,,
PNG,Papua New Guinea,2010,,
PNG,Papua New Guinea,2011,65660492,
PNG,Papua New Guinea,2012,845960240,233
PNG,Papua New Guinea,2013,,
PNG,Papua New Guinea,2014,,
PNG,Papua New Guinea,2015,,
PNG,Papua New Guinea,2016,,
PNG,Papua New Guinea,2017,,
PNG,Papua New Guinea,2018,,
PNG,Papua New Guinea,2019,80717856.74,601112193.1
PNG,Papua New Guinea,2020,64901071.61,441126455.4
PNG,Papua New Guinea,2021,77933137.38,799943803.6
PNG,Papua New Guinea,2022,70286675.22,843529266.9
PNG,Papua New Guinea,2023,50835435.03,493795936.6
PNG,Papua New Guinea,2024,,
PNG,Papua New Guinea,2025,,
POL,Poland,2010,12274040281,8492
POL,Poland,2011,17986017552,152389562
POL,Poland,2012,19620071803,173602688
POL,Poland,2013,18048935232,334039178
POL,Poland,2014,17195113228,320402972
POL,Poland,2015,9855396745,94530685
POL,Poland,2016,7126269415,66339195
POL,Poland,2017,8996681749,121704785
POL,Poland,2018,14500512447,126189395
POL,Poland,2019,11966871843,113555843
POL,Poland,2020,7909788239,56552213
POL,Poland,2021,11327938209,94205665
POL,Poland,2022,16647142021,112222704
POL,Poland,2023,15346807138,103485908
POL,Poland,2024,15192763299,101266882
POL,Poland,2025,13500280918,61756
PRK,"Korea, Dem. People's Rep.",2010,,
PRK,"Korea, Dem. People's Rep.",2011,,
PRK,"Korea, Dem. People's Rep.",2012,,
PRK,"Korea, Dem. People's Rep.",2013,,
PRK,"Korea, Dem. People's Rep.",2014,,
PRK,"Korea, Dem. People's Rep.",2015,,
PRK,"Korea, Dem. People's Rep.",2016,,
PRK,"Korea, Dem. People's Rep.",2017,,
PRK,"Korea, Dem. People's Rep.",2018,,
PRK,"Korea, Dem. People's Rep.",2019,,
PRK,"Korea, Dem. People's Rep.",2020,,
PRK,"Korea, Dem. People's Rep.",2021,,
PRK,"Korea, Dem. People's Rep.",2022,,
PRK,"Korea, Dem. People's Rep.",2023,,
PRK,"Korea, Dem. People's Rep.",2024,,
PRK,"Korea, Dem. People's Rep.",2025,,
PRT,Portugal,2010,6649521200,5182
PRT,Portugal,2011,8448644069,
PRT,Portugal,2012,9555226184,
PRT,Portugal,2013,9355129303,
PRT,Portugal,2014,8161382620,
PRT,Portugal,2015,5465884986,10354.341
PRT,Portugal,2016,4286734735,
PRT,Portugal,2017,124851.23,
PRT,Portugal,2018,48318.454,
PRT,Portugal,2019,8800.123,3843.464
PRT,Portugal,2020,36075.118,
PRT,Portugal,2021,28614.036,
PRT,Portugal,2022,32407.051,
PRT,Portugal,2023,112844.437,
PRT,Portugal,2024,1522.562,
PRT,Portugal,2025,159643.551,
PRY,Paraguay,2010,22349,
PRY,Paraguay,2011,22264,
PRY,Paraguay,2012,42394,
PRY,Paraguay,2013,68001,
PRY,Paraguay,2014,90735,
PRY,Paraguay,2015,41811,
PRY,Paraguay,2016,7021,
PRY,Paraguay,2017,70643,
PRY,Paraguay,2018,65285,
PRY,Paraguay,2019,36739,
PRY,Paraguay,2020,925,
PRY,Paraguay,2021,812,
PRY,Paraguay,2022,754.52,
PRY,Paraguay,2023,12200.59,
PRY,Paraguay,2024,236.55,
PRY,Paraguay,2025,16448.95,
PSE,West Bank and Gaza,2010,50.382,
PSE,West Bank and Gaza,2011,340,
PSE,West Bank and Gaza,2012,11,
PSE,West Bank and Gaza,2013,37962,
PSE,West Bank and Gaza,2014,10,
PSE,West Bank and Gaza,2015,,
PSE,West Bank and Gaza,2016,463133,
PSE,West Bank and Gaza,2017,626448.629,
PSE,West Bank and Gaza,2018,770930.647,
PSE,West Bank and Gaza,2019,526210.52,
PSE,West Bank and Gaza,2020,483120.1,
PSE,West Bank and Gaza,2021,6590.55,
PSE,West Bank and Gaza,2022,56375.935,
PSE,West Bank and Gaza,2023,,
PSE,West Bank and Gaza,2024,,
PSE,West Bank and Gaza,2025,,
QAT,Qatar,2010,,20193279558
QAT,Qatar,2011,,26404301122
QAT,Qatar,2012,,26115249197.802
QAT,Qatar,2013,,24877673258.511
QAT,Qatar,2014,,21484297314
QAT,Qatar,2015,,10522023285.143
QAT,Qatar,2016,19321815.08,8851516146
QAT,Qatar,2017,77338.107,11713828205.641
QAT,Qatar,2018,476175.717,13809682463.201
QAT,Qatar,2019,130667560.2,12411487052.997
QAT,Qatar,2020,13566389.81,7253522000
QAT,Qatar,2021,49713.944,12357415706.683
QAT,Qatar,2022,98122707.41,18728368788.229
QAT,Qatar,2023,354035414.9,16860934421.353
QAT,Qatar,2024,1783427365,14965923895.883
QAT,Qatar,2025,,
ROU,Romania,2010,3360786831,43457634
ROU,Romania,2011,4418943079,58907622
ROU,Romania,2012,4167593914,37848635
ROU,Romania,2013,4190050189,41213170
ROU,Romania,2014,4795548113,34203942
ROU,Romania,2015,2518046538,15091696
ROU,Romania,2016,2298563308,13098668
ROU,Romania,2017,3031790486,1492859.69
ROU,Romania,2018,23821.05,39822.48
ROU,Romania,2019,215917.58,42233.12
ROU,Romania,2020,936008.63,265256.35
ROU,Romania,2021,1567685.63,360643.55
ROU,Romania,2022,1250251,177794.88
ROU,Romania,2023,1458952.97,138540.72
ROU,Romania,2024,753992.52,98408.73
ROU,Romania,2025,602464637.8,6
RUS,Russian Federation,2010,,1.28056E+11
RUS,Russian Federation,2011,740,1.71686E+11
RUS,Russian Federation,2012,173121829,1.8093E+11
RUS,Russian Federation,2013,154762339,1.7367E+11
RUS,Russian Federation,2014,307567814,1.53888E+11
RUS,Russian Federation,2015,647793792,89576493234
RUS,Russian Federation,2016,42890691.51,73712304507
RUS,Russian Federation,2017,69348178.06,93377261711
RUS,Russian Federation,2018,64247499.33,129201079701.63
RUS,Russian Federation,2019,80552,1.22229E+11
RUS,Russian Federation,2020,628440.93,72564293958
RUS,Russian Federation,2021,139427,1.10968E+11
RUS,Russian Federation,2022,,
RUS,Russian Federation,2023,,
RUS,Russian Federation,2024,,
RUS,Russian Federation,2025,,
RWA,Rwanda,2010,41.178,2826.409
RWA,Rwanda,2011,2851.968,15341.603
RWA,Rwanda,2012,5577.732,
RWA,Rwanda,2013,39.426,34429.41
RWA,Rwanda,2014,117.126,9928.73
RWA,Rwanda,2015,39.731,2634.851
RWA,Rwanda,2016,2116.795,
RWA,Rwanda,2017,56630.993,864.799
RWA,Rwanda,2018,,
RWA,Rwanda,2019,136.51,126.69
RWA,Rwanda,2020,279.26,232.94
RWA,Rwanda,2021,4872.48,4451.68
RWA,Rwanda,2022,,
RWA,Rwanda,2023,,
RWA,Rwanda,2024,,
RWA,Rwanda,2025,,
SAU,Saudi Arabia,2010,,1.89434E+11
SAU,Saudi Arabia,2011,,2.84976E+11
SAU,Saudi Arabia,2012,,3.05237E+11
SAU,Saudi Arabia,2013,,2.93995E+11
SAU,Saudi Arabia,2014,,2.50523E+11
SAU,Saudi Arabia,2015,,129811454824.09
SAU,Saudi Arabia,2016,,111980929354.94
SAU,Saudi Arabia,2017,,
SAU,Saudi Arabia,2018,,187867943533.89
SAU,Saudi Arabia,2019,,166896805817.713
SAU,Saudi Arabia,2020,,100382507626.704
SAU,Saudi Arabia,2021,,161020161386.229
SAU,Saudi Arabia,2022,,258544564094.252
SAU,Saudi Arabia,2023,,175993253253.989
SAU,Saudi Arabia,2024,,179494074921.181
SAU,Saudi Arabia,2025,,165239487592.16
SDN,Sudan,2010,,
SDN,Sudan,2011,,
SDN,Sudan,2012,16728,
SDN,Sudan,2013,1301224,1298202086
SDN,Sudan,2014,12489,14660.73
SDN,Sudan,2015,63434576,2973880047
SDN,Sudan,2016,211397,335713000
SDN,Sudan,2017,64404358,429495143
SDN,Sudan,2018,5101199,430280548
SDN,Sudan,2019,,
SDN,Sudan,2020,,
SDN,Sudan,2021,,
SDN,Sudan,2022,,
SDN,Sudan,2023,,
SDN,Sudan,2024,,
SDN,Sudan,2025,,
SEN,Senegal,2010,450712428.2,
SEN,Senegal,2011,539288120,36663
SEN,Senegal,2012,753033184,409378
SEN,Senegal,2013,699764832,
SEN,Senegal,2014,522119855,
SEN,Senegal,2015,450619232,4245323
SEN,Senegal,2016,418036741,7554300
SEN,Senegal,2017,521109746,26942808.23
SEN,Senegal,2018,680952765.5,25094809.58
SEN,Senegal,2019,403322193.2,16027017.02
SEN,Senegal,2020,441180824.7,6955687.307
SEN,Senegal,2021,513255822.8,174777.67
SEN,Senegal,2022,444408280.3,2476311.554
SEN,Senegal,2023,952328709,26320322.94
SEN,Senegal,2024,810027192.2,763878308.8
SEN,Senegal,2025,,
SGP,Singapore,2010,24036432368.557,21734431.4
SGP,Singapore,2011,33571708699.728,492793.559
SGP,Singapore,2012,39879314504,158787.954
SGP,Singapore,2013,35538674481.656,433825.444
SGP,Singapore,2014,34326201233.119,120723.549
SGP,Singapore,2015,18202763865.021,16830002.7
SGP,Singapore,2016,15047424173.762,168257.668
SGP,Singapore,2017,21406695804.708,68136941.73
SGP,Singapore,2018,27935616501.417,49920600.19
SGP,Singapore,2019,24222270670.638,14607.916
SGP,Singapore,2020,14376394884.758,4681.514
SGP,Singapore,2021,22642547903.574,169926880.7
SGP,Singapore,2022,34014894129.991,170471.953
SGP,Singapore,2023,27442345214,3929750.585
SGP,Singapore,2024,27245983555.963,2159874.273
SGP,Singapore,2025,25734305783,35317.606
SLB,Solomon Islands,2010,1014,
SLB,Solomon Islands,2011,161.861,
SLB,Solomon Islands,2012,9870.534,
SLB,Solomon Islands,2013,,7244.741
SLB,Solomon Islands,2014,3020.177,
SLB,Solomon Islands,2015,59945,
SLB,Solomon Islands,2016,22784,45822
SLB,Solomon Islands,2017,219666.715,
SLB,Solomon Islands,2018,9212.262,
SLB,Solomon Islands,2019,,
SLB,Solomon Islands,2020,,
SLB,Solomon Islands,2021,,
SLB,Solomon Islands,2022,,
SLB,Solomon Islands,2023,,
SLB,Solomon Islands,2024,,
SLB,Solomon Islands,2025,,
SLV,El Salvador,2010,473339395.4,
SLV,El Salvador,2011,565735778.9,
SLV,El Salvador,2012,409452342.9,
SLV,El Salvador,2013,4744.76,
SLV,El Salvador,2014,109.94,
SLV,El Salvador,2015,83.86,
SLV,El Salvador,2016,57053.53,
SLV,El Salvador,2017,36840.95,
SLV,El Salvador,2018,68378.22,
SLV,El Salvador,2019,12484.42,6588.45
SLV,El Salvador,2020,8869.56,
SLV,El Salvador,2021,40888.53,
SLV,El Salvador,2022,86810.69,
SLV,El Salvador,2023,,6534
SLV,El Salvador,2024,45292.5,
SLV,El Salvador,2025,30174.79,
SRB,Serbia,2010,1088218829,399252
SRB,Serbia,2011,1193033817,508006
SRB,Serbia,2012,900507257,403465
SRB,Serbia,2013,1321562148,389579
SRB,Serbia,2014,1105711832,361000
SRB,Serbia,2015,766125791,175969
SRB,Serbia,2016,686186422,165387
SRB,Serbia,2017,934848636,265367
SRB,Serbia,2018,1418275530,372576
SRB,Serbia,2019,28989,271304
SRB,Serbia,2020,835142836,132740
SRB,Serbia,2021,1336706856,223508
SRB,Serbia,2022,2264320898,
SRB,Serbia,2023,1928580260,32
SRB,Serbia,2024,1,8
SRB,Serbia,2025,1233522524,9
SUR,Suriname,2010,,
SUR,Suriname,2011,,
SUR,Suriname,2012,,
SUR,Suriname,2013,,
SUR,Suriname,2014,,
SUR,Suriname,2015,,
SUR,Suriname,2016,,
SUR,Suriname,2017,,
SUR,Suriname,2018,,
SUR,Suriname,2019,,
SUR,Suriname,2020,,1051.04
SUR,Suriname,2021,,
SUR,Suriname,2022,482702.72,
SUR,Suriname,2023,,3166.67
SUR,Suriname,2024,,
SUR,Suriname,2025,,
SVK,Slovak Republic,2010,29055.739,7475979.329
SVK,Slovak Republic,2011,2607.132,12278854.03
SVK,Slovak Republic,2012,3051.374,289.078
SVK,Slovak Republic,2013,12100383.49,7888736.703
SVK,Slovak Republic,2014,15608640.62,63469.135
SVK,Slovak Republic,2015,15613402.01,26485.185
SVK,Slovak Republic,2016,25465739.17,10007.51
SVK,Slovak Republic,2017,37487267.65,21720915.45
SVK,Slovak Republic,2018,68.786,2689152.364
SVK,Slovak Republic,2019,868.713,643.698
SVK,Slovak Republic,2020,3817824.249,1109.898
SVK,Slovak Republic,2021,1040.811,1157.903
SVK,Slovak Republic,2022,236.936,86.35
SVK,Slovak Republic,2023,882.315,25424.95
SVK,Slovak Republic,2024,5515552.135,29455.902
SVK,Slovak Republic,2025,101.733,
SVN,Slovenia,2010,,
SVN,Slovenia,2011,1122,58083
SVN,Slovenia,2012,,275746
SVN,Slovenia,2013,142,315002
SVN,Slovenia,2014,,257605
SVN,Slovenia,2015,,
SVN,Slovenia,2016,,11520.38
SVN,Slovenia,2017,156.48,29207.46
SVN,Slovenia,2018,,86051.95
SVN,Slovenia,2019,42941840.71,8.37
SVN,Slovenia,2020,29.84,11921.61
SVN,Slovenia,2021,,37933.179
SVN,Slovenia,2022,15.462,45804.075
SVN,Slovenia,2023,577.716,229.265
SVN,Slovenia,2024,1145.075,140.424
SVN,Slovenia,2025,162.466,25.639
SWE,Sweden,2010,10474949468,464183
SWE,Sweden,2011,14505828107,3952383
SWE,Sweden,2012,4033206365,22248790.6
SWE,Sweden,2013,1879144900,3946806.43
SWE,Sweden,2014,1524963958,940039.88
SWE,Sweden,2015,954189150.6,118.597
SWE,Sweden,2016,898764001.4,3153.231
SWE,Sweden,2017,1235974647,330193292.4
SWE,Sweden,2018,1523005581,12433.781
SWE,Sweden,2019,1091742362,56816471.31
SWE,Sweden,2020,803656822.1,21497.652
SWE,Sweden,2021,17023.128,89598787.91
SWE,Sweden,2022,41240421.6,13347.503
SWE,Sweden,2023,92764278.5,70969.7
SWE,Sweden,2024,430088750.7,158124.274
SWE,Sweden,2025,406613896.1,419.73
SYR,Syrian Arab Republic,2010,,4325838490
SYR,Syrian Arab Republic,2011,,
SYR,Syrian Arab Republic,2012,,
SYR,Syrian Arab Republic,2013,,
SYR,Syrian Arab Republic,2014,,
SYR,Syrian Arab Republic,2015,,
SYR,Syrian Arab Republic,2016,,
SYR,Syrian Arab Republic,2017,,
SYR,Syrian Arab Republic,2018,,
SYR,Syrian Arab Republic,2019,,
SYR,Syrian Arab Republic,2020,,
SYR,Syrian Arab Republic,2021,,
SYR,Syrian Arab Republic,2022,,
SYR,Syrian Arab Republic,2023,,
SYR,Syrian Arab Republic,2024,,
SYR,Syrian Arab Republic,2025,,
TCD,Chad,2010,,
TCD,Chad,2011,,
TCD,Chad,2012,,
TCD,Chad,2013,,
TCD,Chad,2014,,
TCD,Chad,2015,,
TCD,Chad,2016,,
TCD,Chad,2017,,
TCD,Chad,2018,,
TCD,Chad,2019,,
TCD,Chad,2020,,
TCD,Chad,2021,,
TCD,Chad,2022,,
TCD,Chad,2023,,
TCD,Chad,2024,,
TCD,Chad,2025,,
THA,Thailand,2010,23893850808,837418308
THA,Thailand,2011,32897396785,1378846994
THA,Thailand,2012,35843174091,1662198542
THA,Thailand,2013,38916857988,1163529425
THA,Thailand,2014,33216455556,420967528
THA,Thailand,2015,439145.78,10654.91
THA,Thailand,2016,78965.96,5221.79
THA,Thailand,2017,41601.08,3123.32
THA,Thailand,2018,1251945.02,5053.77
THA,Thailand,2019,5538014.445,417.91
THA,Thailand,2020,6864499.787,472.041
THA,Thailand,2021,4227399.46,575.122
THA,Thailand,2022,4017317.383,600760140.2
THA,Thailand,2023,4136442.505,6621.482
THA,Thailand,2024,1234353.643,3108.995
THA,Thailand,2025,1153868.824,1549.162
TJK,Tajikistan,2010,,
TJK,Tajikistan,2011,,
TJK,Tajikistan,2012,,
TJK,Tajikistan,2013,,
TJK,Tajikistan,2014,31875,
TJK,Tajikistan,2015,,
TJK,Tajikistan,2016,58263,
TJK,Tajikistan,2017,3242905,
TJK,Tajikistan,2018,6625472,
TJK,Tajikistan,2019,7011617,
TJK,Tajikistan,2020,2656214,
TJK,Tajikistan,2021,545674,
TJK,Tajikistan,2022,86536,
TJK,Tajikistan,2023,5283,
TJK,Tajikistan,2024,,
TJK,Tajikistan,2025,,
TKM,Turkmenistan,2010,,
TKM,Turkmenistan,2011,,
TKM,Turkmenistan,2012,,
TKM,Turkmenistan,2013,,
TKM,Turkmenistan,2014,,
TKM,Turkmenistan,2015,,
TKM,Turkmenistan,2016,,
TKM,Turkmenistan,2017,,
TKM,Turkmenistan,2018,,
TKM,Turkmenistan,2019,,
TKM,Turkmenistan,2020,,
TKM,Turkmenistan,2021,,
TKM,Turkmenistan,2022,,
TKM,Turkmenistan,2023,,
TKM,Turkmenistan,2024,,
TKM,Turkmenistan,2025,,
TTO,Trinidad and Tobago,2010,2035680052,1367494141
TTO,Trinidad and Tobago,2011,3579708200,1482546584
TTO,Trinidad and Tobago,2012,4025090350,1414791153
TTO,Trinidad and Tobago,2013,5758391804,1250607973
TTO,Trinidad and Tobago,2014,4716085297,1344577386
TTO,Trinidad and Tobago,2015,2566605373,269309769.7
TTO,Trinidad and Tobago,2016,2003795845,240399084
TTO,Trinidad and Tobago,2017,1608432020,473848177.3
TTO,Trinidad and Tobago,2018,2336568576,598570521.8
TTO,Trinidad and Tobago,2019,10.364,1114807893
TTO,Trinidad and Tobago,2020,575.91,730878768.6
TTO,Trinidad and Tobago,2021,97.802,1181693242
TTO,Trinidad and Tobago,2022,490.483,2059983527
TTO,Trinidad and Tobago,2023,510.795,1149385053
TTO,Trinidad and Tobago,2024,659.395,1616071354
TTO,Trinidad and Tobago,2025,110.98,528854231.5
TUN,Tunisia,2010,162410698,2080783835
TUN,Tunisia,2011,274006222,2288916078
TUN,Tunisia,2012,859504988,1875907394
TUN,Tunisia,2013,957197347,1748136261
TUN,Tunisia,2014,895068542,1435489672
TUN,Tunisia,2015,333168114,632516917
TUN,Tunisia,2016,298783445,563747219
TUN,Tunisia,2017,325057740.6,510605693.7
TUN,Tunisia,2018,299578153,525137508.1
TUN,Tunisia,2019,18370664.45,614836812.4
TUN,Tunisia,2020,313735587.9,536649564.8
TUN,Tunisia,2021,684190110.7,765773307.5
TUN,Tunisia,2022,788160221.2,844763458.9
TUN,Tunisia,2023,505979831.5,793987189.2
TUN,Tunisia,2024,630882151.4,647730108.2
TUN,Tunisia,2025,,
TUR,Turkiye,2010,,
TUR,Turkiye,2011,,101
TUR,Turkiye,2012,,
TUR,Turkiye,2013,,664
TUR,Turkiye,2014,,
TUR,Turkiye,2015,,
TUR,Turkiye,2016,,
TUR,Turkiye,2017,,
TUR,Turkiye,2018,,
TUR,Turkiye,2019,,
TUR,Turkiye,2020,,
TUR,Turkiye,2021,,
TUR,Turkiye,2022,,
TUR,Turkiye,2023,,
TUR,Turkiye,2024,,
TUR,Turkiye,2025,,
TZA,Tanzania,2010,314851,141608
TZA,Tanzania,2011,921547,222971
TZA,Tanzania,2012,70040,455007
TZA,Tanzania,2013,12916,4602
TZA,Tanzania,2014,3484504,
TZA,Tanzania,2015,2191,
TZA,Tanzania,2016,29238,3
TZA,Tanzania,2017,374,1150307.49
TZA,Tanzania,2018,2030.984,171627.358
TZA,Tanzania,2019,1693.85,971652.25
TZA,Tanzania,2020,1068,323487.36
TZA,Tanzania,2021,514,637029.29
TZA,Tanzania,2022,14157.32,961595.9
TZA,Tanzania,2023,12772.09,683260.39
TZA,Tanzania,2024,11896.151,2351989.668
TZA,Tanzania,2025,,
UKR,Ukraine,2010,4171265170,
UKR,Ukraine,2011,4272365660,1
UKR,Ukraine,2012,1235941460,
UKR,Ukraine,2013,630280220,
UKR,Ukraine,2014,146532800,27351268
UKR,Ukraine,2015,82119900,2686104
UKR,Ukraine,2016,173705369.3,
UKR,Ukraine,2017,441057047.9,28934225.01
UKR,Ukraine,2018,433373679.3,
UKR,Ukraine,2019,412400721.1,51143.7
UKR,Ukraine,2020,394919506.5,24350926.06
UKR,Ukraine,2021,749549040.7,27133479.69
UKR,Ukraine,2022,329743554.6,2412428.23
UKR,Ukraine,2023,22425.22,9624330.63
UKR,Ukraine,2024,14904.14,
UKR,Ukraine,2025,,
URY,Uruguay,2010,1151204990,21084
URY,Uruguay,2011,948221619,
URY,Uruguay,2012,1685090536,
URY,Uruguay,2013,1564140431,
URY,Uruguay,2014,1341004735,
URY,Uruguay,2015,818104138,
URY,Uruguay,2016,677517227,12
URY,Uruguay,2017,219167107,
URY,Uruguay,2018,1122157523,8
URY,Uruguay,2019,990988777,
URY,Uruguay,2020,681093055,
URY,Uruguay,2021,1111576321,
URY,Uruguay,2022,1656540677,
URY,Uruguay,2023,863538400,
URY,Uruguay,2024,918734446,
URY,Uruguay,2025,,
USA,United States,2010,2.66612E+11,1730641815
USA,United States,2011,3.42802E+11,2083741622
USA,United States,2012,3.22025E+11,2633505822
USA,United States,2013,2.79485E+11,5099464344
USA,United States,2014,2.53229E+11,12309085818
USA,United States,2015,1.32593E+11,8768735352
USA,United States,2016,1.08092E+11,9462121586
USA,United States,2017,1.39288E+11,22502167777
USA,United States,2018,1.62802E+11,48261572407
USA,United States,2019,1.32371E+11,65323191031
USA,United States,2020,81629597574,50285962130
USA,United States,2021,1.38384E+11,69356113331
USA,United States,2022,2.04716E+11,1.17034E+11
USA,United States,2023,1.72426E+11,1.17161E+11
USA,United States,2024,1.74424E+11,1.18499E+11
USA,United States,2025,1.46847E+11,1.00346E+11
UZB,Uzbekistan,2010,,
UZB,Uzbekistan,2011,,
UZB,Uzbekistan,2012,,
UZB,Uzbekistan,2013,,
UZB,Uzbekistan,2014,,
UZB,Uzbekistan,2015,,
UZB,Uzbekistan,2016,,
UZB,Uzbekistan,2017,131779123,
UZB,Uzbekistan,2018,261281848,
UZB,Uzbekistan,2019,100545606,
UZB,Uzbekistan,2020,194978206,1
UZB,Uzbekistan,2021,264775004.1,
UZB,Uzbekistan,2022,293464354,51
UZB,Uzbekistan,2023,343330135,
UZB,Uzbekistan,2024,366900293,
UZB,Uzbekistan,2025,,
VEN,"Venezuela, RB",2010,28675,44156568500
VEN,"Venezuela, RB",2011,3061,60913163700
VEN,"Venezuela, RB",2012,307,68912456250
VEN,"Venezuela, RB",2013,2,74850619350
VEN,"Venezuela, RB",2014,,
VEN,"Venezuela, RB",2015,,
VEN,"Venezuela, RB",2016,,
VEN,"Venezuela, RB",2017,,
VEN,"Venezuela, RB",2018,,
VEN,"Venezuela, RB",2019,,
VEN,"Venezuela, RB",2020,,
VEN,"Venezuela, RB",2021,,
VEN,"Venezuela, RB",2022,,
VEN,"Venezuela, RB",2023,,
VEN,"Venezuela, RB",2024,,
VEN,"Venezuela, RB",2025,,
VNM,Viet Nam,2010,334783210,5023504938
VNM,Viet Nam,2011,566991455,7241499492
VNM,Viet Nam,2012,647524935,8397950124
VNM,Viet Nam,2013,1123083526,7375357838
VNM,Viet Nam,2014,516236690,7224230188
VNM,Viet Nam,2015,99388499,3823779769
VNM,Viet Nam,2016,202681637.8,2578324549
VNM,Viet Nam,2017,645539042.1,3108577311
VNM,Viet Nam,2018,2914298409,2146666202
VNM,Viet Nam,2019,3809032757,1892580345
VNM,Viet Nam,2020,3840252048,1568350947
VNM,Viet Nam,2021,5032150663,1672281199
VNM,Viet Nam,2022,7253996249,2125131856
VNM,Viet Nam,2023,6440427.24,1552801697
VNM,Viet Nam,2024,,
VNM,Viet Nam,2025,,
YEM,"Yemen, Rep.",2010,,4517788897
YEM,"Yemen, Rep.",2011,176058,4480390019
YEM,"Yemen, Rep.",2012,,5335167044
YEM,"Yemen, Rep.",2013,69526,3248692363
YEM,"Yemen, Rep.",2014,160750,1271479238
YEM,"Yemen, Rep.",2015,,352
YEM,"Yemen, Rep.",2016,,
YEM,"Yemen, Rep.",2017,,
YEM,"Yemen, Rep.",2018,,
YEM,"Yemen, Rep.",2019,103274.966,
YEM,"Yemen, Rep.",2020,,
YEM,"Yemen, Rep.",2021,,
YEM,"Yemen, Rep.",2022,,
YEM,"Yemen, Rep.",2023,23474.522,19.878
YEM,"Yemen, Rep.",2024,180,5728.8
YEM,"Yemen, Rep.",2025,,
ZAF,South Africa,2010,11178874923.039,1856.93
ZAF,South Africa,2011,7063237985,15078.279
ZAF,South Africa,2012,51.523,1006.459
ZAF,South Africa,2013,96.84,700908.776
ZAF,South Africa,2014,13308.333,447762.567
ZAF,South Africa,2015,17.4,194.844
ZAF,South Africa,2016,316.267,2520.154
ZAF,South Africa,2017,40088817.38,576.173
ZAF,South Africa,2018,16.522,93.4
ZAF,South Africa,2019,7198.077,4144.222
ZAF,South Africa,2020,80525242.68,284018.98
ZAF,South Africa,2021,466989.125,269644.548
ZAF,South Africa,2022,363426.216,304628.918
ZAF,South Africa,2023,26.395,278961.403
ZAF,South Africa,2024,5170738846,194026.159
ZAF,South Africa,2025,4054872762,10524.662
ZMB,Zambia,2010,2806.073,1074.599
ZMB,Zambia,2011,373000775,54715.255
ZMB,Zambia,2012,542966836.7,
ZMB,Zambia,2013,84320.657,47496.164
ZMB,Zambia,2014,179317771.7,95021.302
ZMB,Zambia,2015,0.116,20663.473
ZMB,Zambia,2016,523666111.6,
ZMB,Zambia,2017,428783823.6,21.162
ZMB,Zambia,2018,430206101.7,2722.854
ZMB,Zambia,2019,504070085.7,
ZMB,Zambia,2020,225900470.2,0.8
ZMB,Zambia,2021,45602848.53,484187.918
ZMB,Zambia,2022,10432.063,391733.86
ZMB,Zambia,2023,55092542.82,11329.892
ZMB,Zambia,2024,675251.297,14.582
ZMB,Zambia,2025,,
