iso3,country_name,year,oil_consumption_twh
AFG,Afghanistan,2010,25.05577
AFG,Afghanistan,2011,32.47272
AFG,Afghanistan,2012,28.8222
AFG,Afghanistan,2013,20.50037
AFG,Afghanistan,2014,16.202448
AFG,Afghanistan,2015,20.490437
AFG,Afghanistan,2016,15.098299
AFG,Afghanistan,2017,22.706652
AFG,Afghanistan,2018,31.93641
AFG,Afghanistan,2019,32.071632
AFG,Afghanistan,2020,33.705437
AFG,Afghanistan,2021,30.719366
AFG,Afghanistan,2022,29.429451
AFG,Afghanistan,2023,30.300816
AFG,Afghanistan,2024,31.11165
AGO,Angola,2010,64.71451
AGO,Angola,2011,67.72304
AGO,Angola,2012,72.38069
AGO,Angola,2013,84.260414
AGO,Angola,2014,95.61564
AGO,Angola,2015,94.70247
AGO,Angola,2016,82.004944
AGO,Angola,2017,67.263824
AGO,Angola,2018,70.98105
AGO,Angola,2019,72.043816
AGO,Angola,2020,51.694687
AGO,Angola,2021,61.673256
AGO,Angola,2022,71.53464
AGO,Angola,2023,74.19593
AGO,Angola,2024,75.94482
ALB,Albania,2010,15.434184
ALB,Albania,2011,15.287261
ALB,Albania,2012,13.487335
ALB,Albania,2013,16.105867
ALB,Albania,2014,16.64807
ALB,Albania,2015,15.556228
ALB,Albania,2016,16.069086
ALB,Albania,2017,20.57333
ALB,Albania,2018,18.912243
ALB,Albania,2019,15.286083
ALB,Albania,2020,11.601376
ALB,Albania,2021,14.539432
ALB,Albania,2022,15.324721
ALB,Albania,2023,14.099795
ALB,Albania,2024,14.35463
ARE,United Arab Emirates,2010,372.0713
ARE,United Arab Emirates,2011,399.33887
ARE,United Arab Emirates,2012,418.64893
ARE,United Arab Emirates,2013,464.9305
ARE,United Arab Emirates,2014,472.73764
ARE,United Arab Emirates,2015,489.71716
ARE,United Arab Emirates,2016,531.9051
ARE,United Arab Emirates,2017,528.5774
ARE,United Arab Emirates,2018,526.05664
ARE,United Arab Emirates,2019,516.4725
ARE,United Arab Emirates,2020,465.21024
ARE,United Arab Emirates,2021,492.47076
ARE,United Arab Emirates,2022,535.49976
ARE,United Arab Emirates,2023,571.3161
ARE,United Arab Emirates,2024,584.2117
ARE,United Arab Emirates,2025,585.88556
ARG,Argentina,2010,325.73422
ARG,Argentina,2011,338.19656
ARG,Argentina,2012,357.07565
ARG,Argentina,2013,363.5991
ARG,Argentina,2014,363.40585
ARG,Argentina,2015,365.43198
ARG,Argentina,2016,362.9781
ARG,Argentina,2017,347.88007
ARG,Argentina,2018,333.50388
ARG,Argentina,2019,313.8189
ARG,Argentina,2020,281.8843
ARG,Argentina,2021,337.2493
ARG,Argentina,2022,373.62296
ARG,Argentina,2023,358.63843
ARG,Argentina,2024,328.87518
ARG,Argentina,2025,326.23093
ARM,Armenia,2010,5.301331
ARM,Armenia,2011,5.0165486
ARM,Armenia,2012,5.1938753
ARM,Armenia,2013,4.6185455
ARM,Armenia,2014,4.6003227
ARM,Armenia,2015,4.880031
ARM,Armenia,2016,4.036175
ARM,Armenia,2017,4.880554
ARM,Armenia,2018,4.740034
ARM,Armenia,2019,5.850654
ARM,Armenia,2020,7.400739
ARM,Armenia,2021,8.045903
ARM,Armenia,2022,8.610996
ARM,Armenia,2023,9.563295
ARM,Armenia,2024,10.218278
AUS,Australia,2010,519.3061
AUS,Australia,2011,547.0603
AUS,Australia,2012,561.41907
AUS,Australia,2013,578.03705
AUS,Australia,2014,575.4282
AUS,Australia,2015,570.5778
AUS,Australia,2016,571.9953
AUS,Australia,2017,599.7405
AUS,Australia,2018,610.3095
AUS,Australia,2019,603.966
AUS,Australia,2020,522.0081
AUS,Australia,2021,535.5648
AUS,Australia,2022,568.7855
AUS,Australia,2023,602.48944
AUS,Australia,2024,620.2802
AUS,Australia,2025,621.8287
AUT,Austria,2010,154.07774
AUT,Austria,2011,145.06886
AUT,Austria,2012,142.3423
AUT,Austria,2013,145.6488
AUT,Austria,2014,141.40121
AUT,Austria,2015,142.84538
AUT,Austria,2016,146.15495
AUT,Austria,2017,146.42876
AUT,Austria,2018,148.91289
AUT,Austria,2019,153.20105
AUT,Austria,2020,132.08043
AUT,Austria,2021,140.21478
AUT,Austria,2022,135.03311
AUT,Austria,2023,134.82408
AUT,Austria,2024,132.0472
AUT,Austria,2025,129.08191
AZE,Azerbaijan,2010,37.243855
AZE,Azerbaijan,2011,48.970104
AZE,Azerbaijan,2012,51.289177
AZE,Azerbaijan,2013,55.715004
AZE,Azerbaijan,2014,54.860176
AZE,Azerbaijan,2015,55.601353
AZE,Azerbaijan,2016,55.19285
AZE,Azerbaijan,2017,55.699093
AZE,Azerbaijan,2018,62.74092
AZE,Azerbaijan,2019,63.158752
AZE,Azerbaijan,2020,57.7512
AZE,Azerbaijan,2021,65.33925
AZE,Azerbaijan,2022,69.2595
AZE,Azerbaijan,2023,72.10228
AZE,Azerbaijan,2024,70.801895
AZE,Azerbaijan,2025,71.03806
BEL,Belgium,2010,374.48502
BEL,Belgium,2011,350.31638
BEL,Belgium,2012,338.14215
BEL,Belgium,2013,345.9035
BEL,Belgium,2014,339.25778
BEL,Belgium,2015,348.50067
BEL,Belgium,2016,353.55966
BEL,Belgium,2017,358.29523
BEL,Belgium,2018,383.7532
BEL,Belgium,2019,358.15344
BEL,Belgium,2020,307.32172
BEL,Belgium,2021,340.98697
BEL,Belgium,2022,331.8721
BEL,Belgium,2023,320.74048
BEL,Belgium,2024,327.74802
BEL,Belgium,2025,327.1792
BEN,Benin,2010,20.600441
BEN,Benin,2011,19.111443
BEN,Benin,2012,18.006441
BEN,Benin,2013,18.388916
BEN,Benin,2014,19.369436
BEN,Benin,2015,21.409937
BEN,Benin,2016,26.080767
BEN,Benin,2017,27.023642
BEN,Benin,2018,30.022387
BEN,Benin,2019,27.623482
BEN,Benin,2020,28.734692
BEN,Benin,2021,20.819988
BEN,Benin,2022,22.467299
BEN,Benin,2023,26.535578
BEN,Benin,2024,27.209639
BFA,Burkina Faso,2010,7.476778
BFA,Burkina Faso,2011,8.601587
BFA,Burkina Faso,2012,10.21716
BFA,Burkina Faso,2013,12.365702
BFA,Burkina Faso,2014,11.542864
BFA,Burkina Faso,2015,14.916342
BFA,Burkina Faso,2016,13.98733
BFA,Burkina Faso,2017,16.355364
BFA,Burkina Faso,2018,18.096392
BFA,Burkina Faso,2019,18.557678
BFA,Burkina Faso,2020,18.235909
BFA,Burkina Faso,2021,20.980728
BFA,Burkina Faso,2022,20.884918
BFA,Burkina Faso,2023,22.563828
BFA,Burkina Faso,2024,23.098284
BGD,Bangladesh,2010,47.633118
BGD,Bangladesh,2011,60.019775
BGD,Bangladesh,2012,68.356895
BGD,Bangladesh,2013,69.63952
BGD,Bangladesh,2014,76.66483
BGD,Bangladesh,2015,92.68446
BGD,Bangladesh,2016,96.22214
BGD,Bangladesh,2017,108.35403
BGD,Bangladesh,2018,124.42843
BGD,Bangladesh,2019,121.88242
BGD,Bangladesh,2020,102.44033
BGD,Bangladesh,2021,140.6674
BGD,Bangladesh,2022,166.222
BGD,Bangladesh,2023,156.20871
BGD,Bangladesh,2024,145.46408
BGD,Bangladesh,2025,169.10117
BGR,Bulgaria,2010,47.891857
BGR,Bulgaria,2011,45.732883
BGR,Bulgaria,2012,47.573124
BGR,Bulgaria,2013,44.21495
BGR,Bulgaria,2014,47.711754
BGR,Bulgaria,2015,53.301296
BGR,Bulgaria,2016,54.210262
BGR,Bulgaria,2017,56.917366
BGR,Bulgaria,2018,56.655537
BGR,Bulgaria,2019,59.417183
BGR,Bulgaria,2020,53.387512
BGR,Bulgaria,2021,56.08332
BGR,Bulgaria,2022,59.945312
BGR,Bulgaria,2023,59.41987
BGR,Bulgaria,2024,62.24006
BGR,Bulgaria,2025,62.40678
BHR,Bahrain,2010,33.682907
BHR,Bahrain,2011,33.541584
BHR,Bahrain,2012,34.766357
BHR,Bahrain,2013,33.443836
BHR,Bahrain,2014,33.835747
BHR,Bahrain,2015,35.629078
BHR,Bahrain,2016,37.027832
BHR,Bahrain,2017,35.882668
BHR,Bahrain,2018,37.20933
BHR,Bahrain,2019,39.477913
BHR,Bahrain,2020,36.855976
BHR,Bahrain,2021,39.944214
BHR,Bahrain,2022,40.642906
BHR,Bahrain,2023,40.352844
BHR,Bahrain,2024,40.783287
BIH,Bosnia and Herzegovina,2010,20.979097
BIH,Bosnia and Herzegovina,2011,21.4469
BIH,Bosnia and Herzegovina,2012,19.374104
BIH,Bosnia and Herzegovina,2013,18.132107
BIH,Bosnia and Herzegovina,2014,18.468416
BIH,Bosnia and Herzegovina,2015,18.85404
BIH,Bosnia and Herzegovina,2016,21.806538
BIH,Bosnia and Herzegovina,2017,21.285635
BIH,Bosnia and Herzegovina,2018,20.930098
BIH,Bosnia and Herzegovina,2019,20.276548
BIH,Bosnia and Herzegovina,2020,18.893473
BIH,Bosnia and Herzegovina,2021,21.03536
BIH,Bosnia and Herzegovina,2022,20.593393
BIH,Bosnia and Herzegovina,2023,21.331673
BIH,Bosnia and Herzegovina,2024,22.56021
BLR,Belarus,2010,90.62383
BLR,Belarus,2011,98.655045
BLR,Belarus,2012,121.07967
BLR,Belarus,2013,90.81036
BLR,Belarus,2014,93.06433
BLR,Belarus,2015,78.40431
BLR,Belarus,2016,84.303665
BLR,Belarus,2017,83.84049
BLR,Belarus,2018,97.42405
BLR,Belarus,2019,99.32728
BLR,Belarus,2020,95.60984
BLR,Belarus,2021,97.338615
BLR,Belarus,2022,92.89979
BLR,Belarus,2023,92.11928
BLR,Belarus,2024,90.076164
BLR,Belarus,2025,90.127
BLZ,Belize,2010,2.24222
BLZ,Belize,2011,1.8119496
BLZ,Belize,2012,1.9827145
BLZ,Belize,2013,2.1642425
BLZ,Belize,2014,2.1010158
BLZ,Belize,2015,2.4382927
BLZ,Belize,2016,2.4123037
BLZ,Belize,2017,2.803786
BLZ,Belize,2018,2.7358215
BLZ,Belize,2019,3.2398977
BLZ,Belize,2020,2.5826945
BLZ,Belize,2021,2.7008083
BLZ,Belize,2022,2.793861
BLZ,Belize,2023,3.174798
BLZ,Belize,2024,3.1741524
BOL,Bolivia,2010,31.640125
BOL,Bolivia,2011,37.002136
BOL,Bolivia,2012,41.537376
BOL,Bolivia,2013,40.15122
BOL,Bolivia,2014,43.530106
BOL,Bolivia,2015,52.46879
BOL,Bolivia,2016,52.421097
BOL,Bolivia,2017,49.832237
BOL,Bolivia,2018,50.982727
BOL,Bolivia,2019,51.70128
BOL,Bolivia,2020,42.918873
BOL,Bolivia,2021,53.160126
BOL,Bolivia,2022,57.71437
BOL,Bolivia,2023,59.52645
BOL,Bolivia,2024,59.49749
BRA,Brazil,2010,1309.8794
BRA,Brazil,2011,1372.3699
BRA,Brazil,2012,1447.9652
BRA,Brazil,2013,1498.0181
BRA,Brazil,2014,1540.8109
BRA,Brazil,2015,1455.0435
BRA,Brazil,2016,1379.5802
BRA,Brazil,2017,1388.8522
BRA,Brazil,2018,1317.6311
BRA,Brazil,2019,1335.6631
BRA,Brazil,2020,1246.5653
BRA,Brazil,2021,1337.8044
BRA,Brazil,2022,1390.4482
BRA,Brazil,2023,1425.1127
BRA,Brazil,2024,1426.5226
BRA,Brazil,2025,1440.9774
BRN,Brunei Darussalam,2010,10.33145
BRN,Brunei Darussalam,2011,10.9451885
BRN,Brunei Darussalam,2012,10.479987
BRN,Brunei Darussalam,2013,10.325878
BRN,Brunei Darussalam,2014,9.834226
BRN,Brunei Darussalam,2015,11.355046
BRN,Brunei Darussalam,2016,9.939212
BRN,Brunei Darussalam,2017,8.836539
BRN,Brunei Darussalam,2018,9.209715
BRN,Brunei Darussalam,2019,10.826783
BRN,Brunei Darussalam,2020,9.257233
BRN,Brunei Darussalam,2021,7.9699006
BRN,Brunei Darussalam,2022,8.52464
BRN,Brunei Darussalam,2023,9.349067
BRN,Brunei Darussalam,2024,9.62064
BTN,Bhutan,2010,1.3264481
BTN,Bhutan,2011,1.5622481
BTN,Bhutan,2012,1.7743534
BTN,Bhutan,2013,1.871804
BTN,Bhutan,2014,1.7540588
BTN,Bhutan,2015,1.962404
BTN,Bhutan,2016,2.2323236
BTN,Bhutan,2017,2.4399066
BTN,Bhutan,2018,2.726575
BTN,Bhutan,2019,2.6886368
BTN,Bhutan,2020,1.9447405
BTN,Bhutan,2021,1.883729
BTN,Bhutan,2022,2.06412
BTN,Bhutan,2023,3.1233726
BTN,Bhutan,2024,3.291701
BWA,Botswana,2010,10.900599
BWA,Botswana,2011,11.304222
BWA,Botswana,2012,11.591919
BWA,Botswana,2013,12.164251
BWA,Botswana,2014,12.616802
BWA,Botswana,2015,13.898896
BWA,Botswana,2016,12.982169
BWA,Botswana,2017,11.930546
BWA,Botswana,2018,12.893603
BWA,Botswana,2019,12.614527
BWA,Botswana,2020,11.420305
BWA,Botswana,2021,11.913307
BWA,Botswana,2022,12.466167
BWA,Botswana,2023,12.956282
BWA,Botswana,2024,13.28371
CAN,Canada,2010,1274.7833
CAN,Canada,2011,1274.2324
CAN,Canada,2012,1279.8774
CAN,Canada,2013,1280.9572
CAN,Canada,2014,1274.6526
CAN,Canada,2015,1279.2744
CAN,Canada,2016,1264.538
CAN,Canada,2017,1248.1077
CAN,Canada,2018,1286.7333
CAN,Canada,2019,1281.9668
CAN,Canada,2020,1105.0455
CAN,Canada,2021,1135.7786
CAN,Canada,2022,1182.8314
CAN,Canada,2023,1194.7108
CAN,Canada,2024,1210.5216
CAN,Canada,2025,1221.9738
CHE,Switzerland,2010,147.44974
CHE,Switzerland,2011,136.49957
CHE,Switzerland,2012,139.24573
CHE,Switzerland,2013,141.59218
CHE,Switzerland,2014,128.45525
CHE,Switzerland,2015,129.56079
CHE,Switzerland,2016,122.34929
CHE,Switzerland,2017,125.38493
CHE,Switzerland,2018,120.37151
CHE,Switzerland,2019,123.53284
CHE,Switzerland,2020,102.537796
CHE,Switzerland,2021,102.78785
CHE,Switzerland,2022,105.78376
CHE,Switzerland,2023,107.28565
CHE,Switzerland,2024,107.03693
CHE,Switzerland,2025,106.84389
CHL,Chile,2010,182.12953
CHL,Chile,2011,189.07631
CHL,Chile,2012,196.13608
CHL,Chile,2013,195.0727
CHL,Chile,2014,193.4745
CHL,Chile,2015,190.19441
CHL,Chile,2016,200.91751
CHL,Chile,2017,204.00139
CHL,Chile,2018,211.3997
CHL,Chile,2019,210.55197
CHL,Chile,2020,192.55576
CHL,Chile,2021,211.37491
CHL,Chile,2022,228.23827
CHL,Chile,2023,225.66283
CHL,Chile,2024,223.49379
CHL,Chile,2025,221.62617
CHN,China,2010,5214.49
CHN,China,2011,5390.7334
CHN,China,2012,5654.2993
CHN,China,2013,5907.4697
CHN,China,2014,6142.5166
CHN,China,2015,6609.8955
CHN,China,2016,6823.5786
CHN,China,2017,7183.172
CHN,China,2018,7528.741
CHN,China,2019,7765.0205
CHN,China,2020,7868.7983
CHN,China,2021,8148.1875
CHN,China,2022,8266.872
CHN,China,2023,9113.559
CHN,China,2024,9173.435
CHN,China,2025,9401.396
CIV,Cote d'Ivoire,2010,16.670412
CIV,Cote d'Ivoire,2011,14.093828
CIV,Cote d'Ivoire,2012,20.411665
CIV,Cote d'Ivoire,2013,23.039717
CIV,Cote d'Ivoire,2014,24.777702
CIV,Cote d'Ivoire,2015,26.060791
CIV,Cote d'Ivoire,2016,30.248495
CIV,Cote d'Ivoire,2017,29.287786
CIV,Cote d'Ivoire,2018,29.732178
CIV,Cote d'Ivoire,2019,31.262379
CIV,Cote d'Ivoire,2020,29.044338
CIV,Cote d'Ivoire,2021,38.24073
CIV,Cote d'Ivoire,2022,47.75857
CIV,Cote d'Ivoire,2023,51.569527
CIV,Cote d'Ivoire,2024,52.806065
CMR,Cameroon,2010,23.156122
CMR,Cameroon,2011,25.46195
CMR,Cameroon,2012,23.56799
CMR,Cameroon,2013,18.386297
CMR,Cameroon,2014,25.39599
CMR,Cameroon,2015,24.257027
CMR,Cameroon,2016,22.777601
CMR,Cameroon,2017,22.708906
CMR,Cameroon,2018,23.811779
CMR,Cameroon,2019,23.07689
CMR,Cameroon,2020,22.083778
CMR,Cameroon,2021,22.051233
CMR,Cameroon,2022,23.34718
CMR,Cameroon,2023,22.30115
CMR,Cameroon,2024,22.869375
COD,"Congo, Dem. Rep.",2010,9.2305765
COD,"Congo, Dem. Rep.",2011,11.262322
COD,"Congo, Dem. Rep.",2012,11.089906
COD,"Congo, Dem. Rep.",2013,16.129992
COD,"Congo, Dem. Rep.",2014,21.896652
COD,"Congo, Dem. Rep.",2015,12.710336
COD,"Congo, Dem. Rep.",2016,9.570842
COD,"Congo, Dem. Rep.",2017,10.461925
COD,"Congo, Dem. Rep.",2018,13.699308
COD,"Congo, Dem. Rep.",2019,10.726008
COD,"Congo, Dem. Rep.",2020,13.665157
COD,"Congo, Dem. Rep.",2021,15.017099
COD,"Congo, Dem. Rep.",2022,15.303796
COD,"Congo, Dem. Rep.",2023,14.724955
COD,"Congo, Dem. Rep.",2024,15.073785
COG,"Congo, Rep.",2010,8.216325
COG,"Congo, Rep.",2011,9.058709
COG,"Congo, Rep.",2012,8.971216
COG,"Congo, Rep.",2013,10.226799
COG,"Congo, Rep.",2014,10.4551325
COG,"Congo, Rep.",2015,10.375547
COG,"Congo, Rep.",2016,10.076139
COG,"Congo, Rep.",2017,8.631935
COG,"Congo, Rep.",2018,7.945539
COG,"Congo, Rep.",2019,5.756317
COG,"Congo, Rep.",2020,6.6217265
COG,"Congo, Rep.",2021,6.7821865
COG,"Congo, Rep.",2022,6.7520113
COG,"Congo, Rep.",2023,8.195644
COG,"Congo, Rep.",2024,8.394728
COL,Colombia,2010,159.77957
COL,Colombia,2011,168.5069
COL,Colombia,2012,180.10788
COL,Colombia,2013,188.60779
COL,Colombia,2014,199.76581
COL,Colombia,2015,200.19046
COL,Colombia,2016,224.96028
COL,Colombia,2017,216.85837
COL,Colombia,2018,225.28008
COL,Colombia,2019,228.79741
COL,Colombia,2020,193.92703
COL,Colombia,2021,227.7575
COL,Colombia,2022,257.96872
COL,Colombia,2023,251.48056
COL,Colombia,2024,247.74004
COL,Colombia,2025,246.39134
CRI,Costa Rica,2010,29.086313
CRI,Costa Rica,2011,29.467556
CRI,Costa Rica,2012,29.405966
CRI,Costa Rica,2013,30.50423
CRI,Costa Rica,2014,31.171595
CRI,Costa Rica,2015,30.301016
CRI,Costa Rica,2016,32.33917
CRI,Costa Rica,2017,33.54487
CRI,Costa Rica,2018,35.44781
CRI,Costa Rica,2019,35.066734
CRI,Costa Rica,2020,29.290068
CRI,Costa Rica,2021,33.376976
CRI,Costa Rica,2022,34.77347
CRI,Costa Rica,2023,38.34822
CRI,Costa Rica,2024,38.061558
CUB,Cuba,2010,120.58053
CUB,Cuba,2011,107.55653
CUB,Cuba,2012,117.79039
CUB,Cuba,2013,111.49364
CUB,Cuba,2014,112.823616
CUB,Cuba,2015,112.58177
CUB,Cuba,2016,85.06481
CUB,Cuba,2017,93.04071
CUB,Cuba,2018,98.9083
CUB,Cuba,2019,89.59776
CUB,Cuba,2020,82.29264
CUB,Cuba,2021,81.988594
CUB,Cuba,2022,83.16905
CUB,Cuba,2023,72.95732
CUB,Cuba,2024,72.94479
CZE,Czechia,2010,110.31396
CZE,Czechia,2011,107.1883
CZE,Czechia,2012,105.899445
CZE,Czechia,2013,101.26759
CZE,Czechia,2014,107.95897
CZE,Czechia,2015,105.8309
CZE,Czechia,2016,98.44729
CZE,Czechia,2017,115.23312
CZE,Czechia,2018,116.064514
CZE,Czechia,2019,117.60352
CZE,Czechia,2020,102.484436
CZE,Czechia,2021,112.96381
CZE,Czechia,2022,115.55649
CZE,Czechia,2023,114.76657
CZE,Czechia,2024,118.8356
CZE,Czechia,2025,118.066414
DEU,Germany,2010,1357.6443
DEU,Germany,2011,1313.2709
DEU,Germany,2012,1305.3893
DEU,Germany,2013,1334.2625
DEU,Germany,2014,1298.318
DEU,Germany,2015,1296.5422
DEU,Germany,2016,1321.8785
DEU,Germany,2017,1408.9285
DEU,Germany,2018,1336.97
DEU,Germany,2019,1351.0276
DEU,Germany,2020,1223.2377
DEU,Germany,2021,1209.7521
DEU,Germany,2022,1241.9773
DEU,Germany,2023,1165.5121
DEU,Germany,2024,1176.5474
DEU,Germany,2025,1166.4073
DNK,Denmark,2010,100.24139
DNK,Denmark,2011,97.04031
DNK,Denmark,2012,90.105896
DNK,Denmark,2013,89.25913
DNK,Denmark,2014,89.581764
DNK,Denmark,2015,90.5028
DNK,Denmark,2016,89.26748
DNK,Denmark,2017,88.42225
DNK,Denmark,2018,89.69898
DNK,Denmark,2019,89.961075
DNK,Denmark,2020,75.416504
DNK,Denmark,2021,77.03236
DNK,Denmark,2022,83.16375
DNK,Denmark,2023,80.82653
DNK,Denmark,2024,82.84358
DNK,Denmark,2025,76.62672
DOM,Dominican Republic,2010,69.48188
DOM,Dominican Republic,2011,66.271454
DOM,Dominican Republic,2012,70.56693
DOM,Dominican Republic,2013,67.76272
DOM,Dominican Republic,2014,64.554596
DOM,Dominican Republic,2015,73.56852
DOM,Dominican Republic,2016,78.19916
DOM,Dominican Republic,2017,72.99413
DOM,Dominican Republic,2018,83.14844
DOM,Dominican Republic,2019,87.61413
DOM,Dominican Republic,2020,63.84583
DOM,Dominican Republic,2021,74.01661
DOM,Dominican Republic,2022,85.969765
DOM,Dominican Republic,2023,85.93182
DOM,Dominican Republic,2024,85.8936
DZA,Algeria,2010,181.61191
DZA,Algeria,2011,192.22765
DZA,Algeria,2012,204.39526
DZA,Algeria,2013,213.57639
DZA,Algeria,2014,221.92514
DZA,Algeria,2015,236.14848
DZA,Algeria,2016,229.56384
DZA,Algeria,2017,225.51212
DZA,Algeria,2018,227.7859
DZA,Algeria,2019,236.9513
DZA,Algeria,2020,211.92545
DZA,Algeria,2021,221.2037
DZA,Algeria,2022,226.91005
DZA,Algeria,2023,238.2033
DZA,Algeria,2024,250.97054
DZA,Algeria,2025,254.94444
ECU,Ecuador,2010,124.12593
ECU,Ecuador,2011,127.26668
ECU,Ecuador,2012,132.05536
ECU,Ecuador,2013,140.30984
ECU,Ecuador,2014,147.20282
ECU,Ecuador,2015,142.91287
ECU,Ecuador,2016,134.6284
ECU,Ecuador,2017,131.2622
ECU,Ecuador,2018,142.07729
ECU,Ecuador,2019,137.59444
ECU,Ecuador,2020,111.069405
ECU,Ecuador,2021,137.38457
ECU,Ecuador,2022,150.94281
ECU,Ecuador,2023,159.5382
ECU,Ecuador,2024,163.62132
ECU,Ecuador,2025,162.96753
EGY,"Egypt, Arab Rep.",2010,414.82562
EGY,"Egypt, Arab Rep.",2011,418.33133
EGY,"Egypt, Arab Rep.",2012,428.1394
EGY,"Egypt, Arab Rep.",2013,433.30225
EGY,"Egypt, Arab Rep.",2014,455.3125
EGY,"Egypt, Arab Rep.",2015,463.41446
EGY,"Egypt, Arab Rep.",2016,480.1537
EGY,"Egypt, Arab Rep.",2017,456.23996
EGY,"Egypt, Arab Rep.",2018,406.50586
EGY,"Egypt, Arab Rep.",2019,383.7603
EGY,"Egypt, Arab Rep.",2020,332.66785
EGY,"Egypt, Arab Rep.",2021,359.8107
EGY,"Egypt, Arab Rep.",2022,425.38635
EGY,"Egypt, Arab Rep.",2023,415.04596
EGY,"Egypt, Arab Rep.",2024,436.93942
EGY,"Egypt, Arab Rep.",2025,436.96805
ESP,Spain,2010,794.1013
ESP,Spain,2011,757.2665
ESP,Spain,2012,700.0071
ESP,Spain,2013,675.85834
ESP,Spain,2014,678.84143
ESP,Spain,2015,701.32794
ESP,Spain,2016,719.22076
ESP,Spain,2017,723.65344
ESP,Spain,2018,733.6454
ESP,Spain,2019,735.607
ESP,Spain,2020,591.8298
ESP,Spain,2021,654.14606
ESP,Spain,2022,726.3689
ESP,Spain,2023,695.89984
ESP,Spain,2024,736.0264
ESP,Spain,2025,737.173
EST,Estonia,2010,15.592075
EST,Estonia,2011,15.401105
EST,Estonia,2012,18.309076
EST,Estonia,2013,18.146963
EST,Estonia,2014,17.065973
EST,Estonia,2015,17.04543
EST,Estonia,2016,16.895807
EST,Estonia,2017,17.793076
EST,Estonia,2018,17.440413
EST,Estonia,2019,15.53936
EST,Estonia,2020,16.103586
EST,Estonia,2021,15.844214
EST,Estonia,2022,16.447182
EST,Estonia,2023,15.638858
EST,Estonia,2024,15.851383
EST,Estonia,2025,14.670062
ETH,Ethiopia,2010,27.361578
ETH,Ethiopia,2011,29.03236
ETH,Ethiopia,2012,30.674103
ETH,Ethiopia,2013,35.993126
ETH,Ethiopia,2014,41.350582
ETH,Ethiopia,2015,43.012184
ETH,Ethiopia,2016,49.187527
ETH,Ethiopia,2017,48.244965
ETH,Ethiopia,2018,51.937004
ETH,Ethiopia,2019,61.595303
ETH,Ethiopia,2020,51.32042
ETH,Ethiopia,2021,60.627785
ETH,Ethiopia,2022,61.547634
ETH,Ethiopia,2023,61.67402
ETH,Ethiopia,2024,63.147373
FIN,Finland,2010,123.55622
FIN,Finland,2011,118.46273
FIN,Finland,2012,111.98723
FIN,Finland,2013,114.29467
FIN,Finland,2014,110.82025
FIN,Finland,2015,111.465416
FIN,Finland,2016,116.98421
FIN,Finland,2017,112.44878
FIN,Finland,2018,110.68142
FIN,Finland,2019,111.9182
FIN,Finland,2020,99.737595
FIN,Finland,2021,96.446175
FIN,Finland,2022,99.922745
FIN,Finland,2023,89.170906
FIN,Finland,2024,91.190025
FIN,Finland,2025,90.79099
FJI,Fiji,2010,6.9163165
FJI,Fiji,2011,4.929159
FJI,Fiji,2012,4.845318
FJI,Fiji,2013,5.357216
FJI,Fiji,2014,6.094281
FJI,Fiji,2015,7.200506
FJI,Fiji,2016,7.320065
FJI,Fiji,2017,7.51049
FJI,Fiji,2018,8.00373
FJI,Fiji,2019,8.181325
FJI,Fiji,2020,5.8855615
FJI,Fiji,2021,5.100357
FJI,Fiji,2022,7.113342
FJI,Fiji,2023,9.006167
FJI,Fiji,2024,9.255432
FRA,France,2010,979.68024
FRA,France,2011,964.28784
FRA,France,2012,931.50653
FRA,France,2013,919.6135
FRA,France,2014,889.6535
FRA,France,2015,902.1668
FRA,France,2016,888.43915
FRA,France,2017,902.0478
FRA,France,2018,879.50415
FRA,France,2019,872.30695
FRA,France,2020,735.6947
FRA,France,2021,790.98364
FRA,France,2022,789.45807
FRA,France,2023,777.8147
FRA,France,2024,777.3817
FRA,France,2025,768.5969
FSM,"Micronesia, Fed. Sts.",2010,0.47506195
FSM,"Micronesia, Fed. Sts.",2011,0.5487918
FSM,"Micronesia, Fed. Sts.",2012,0.61106807
FSM,"Micronesia, Fed. Sts.",2013,0.643524
FSM,"Micronesia, Fed. Sts.",2014,0.6740101
FSM,"Micronesia, Fed. Sts.",2015,0.70851934
FSM,"Micronesia, Fed. Sts.",2016,0.74949056
FSM,"Micronesia, Fed. Sts.",2017,0.7573251
FSM,"Micronesia, Fed. Sts.",2018,0.679749
FSM,"Micronesia, Fed. Sts.",2019,0.6821552
FSM,"Micronesia, Fed. Sts.",2020,0.6755845
FSM,"Micronesia, Fed. Sts.",2021,0.66756314
FSM,"Micronesia, Fed. Sts.",2022,0.6794472
FSM,"Micronesia, Fed. Sts.",2023,0.68487775
FSM,"Micronesia, Fed. Sts.",2024,0.70214933
GAB,Gabon,2010,12.307148
GAB,Gabon,2011,12.980629
GAB,Gabon,2012,13.505194
GAB,Gabon,2013,14.174915
GAB,Gabon,2014,14.168208
GAB,Gabon,2015,13.556865
GAB,Gabon,2016,13.279636
GAB,Gabon,2017,13.263113
GAB,Gabon,2018,9.084731
GAB,Gabon,2019,9.568687
GAB,Gabon,2020,8.498639
GAB,Gabon,2021,8.75748
GAB,Gabon,2022,8.916037
GAB,Gabon,2023,9.475375
GAB,Gabon,2024,9.721767
GEO,Georgia,2010,12.361715
GEO,Georgia,2011,12.991281
GEO,Georgia,2012,12.950781
GEO,Georgia,2013,13.302692
GEO,Georgia,2014,14.017838
GEO,Georgia,2015,16.006096
GEO,Georgia,2016,19.507103
GEO,Georgia,2017,17.798883
GEO,Georgia,2018,17.614986
GEO,Georgia,2019,18.686934
GEO,Georgia,2020,17.23832
GEO,Georgia,2021,18.724031
GEO,Georgia,2022,19.423294
GEO,Georgia,2023,20.44333
GEO,Georgia,2024,22.810272
GHA,Ghana,2010,34.557915
GHA,Ghana,2011,39.120483
GHA,Ghana,2012,44.53808
GHA,Ghana,2013,45.238075
GHA,Ghana,2014,45.317078
GHA,Ghana,2015,52.5629
GHA,Ghana,2016,59.194637
GHA,Ghana,2017,54.320263
GHA,Ghana,2018,48.653748
GHA,Ghana,2019,50.228962
GHA,Ghana,2020,53.083366
GHA,Ghana,2021,59.250286
GHA,Ghana,2022,53.920982
GHA,Ghana,2023,58.26966
GHA,Ghana,2024,59.651005
GIN,Guinea,2010,10.968595
GIN,Guinea,2011,11.401141
GIN,Guinea,2012,10.845799
GIN,Guinea,2013,9.50941
GIN,Guinea,2014,10.030971
GIN,Guinea,2015,11.153272
GIN,Guinea,2016,12.350979
GIN,Guinea,2017,12.108867
GIN,Guinea,2018,14.763604
GIN,Guinea,2019,17.15005
GIN,Guinea,2020,19.274061
GIN,Guinea,2021,18.302277
GIN,Guinea,2022,18.555365
GIN,Guinea,2023,18.402613
GIN,Guinea,2024,18.843678
GRC,Greece,2010,214.75667
GRC,Greece,2011,204.6029
GRC,Greece,2012,178.35648
GRC,Greece,2013,164.78659
GRC,Greece,2014,163.37802
GRC,Greece,2015,170.21135
GRC,Greece,2016,169.9643
GRC,Greece,2017,174.0427
GRC,Greece,2018,172.01466
GRC,Greece,2019,177.2468
GRC,Greece,2020,143.51395
GRC,Greece,2021,152.0555
GRC,Greece,2022,172.21721
GRC,Greece,2023,171.32507
GRC,Greece,2024,175.08669
GRC,Greece,2025,176.04625
GTM,Guatemala,2010,40.143078
GTM,Guatemala,2011,40.575058
GTM,Guatemala,2012,41.310745
GTM,Guatemala,2013,41.858757
GTM,Guatemala,2014,44.12656
GTM,Guatemala,2015,50.440544
GTM,Guatemala,2016,54.051216
GTM,Guatemala,2017,54.40413
GTM,Guatemala,2018,55.625916
GTM,Guatemala,2019,62.83474
GTM,Guatemala,2020,57.22091
GTM,Guatemala,2021,67.22955
GTM,Guatemala,2022,68.51703
GTM,Guatemala,2023,71.899826
GTM,Guatemala,2024,71.86943
GUY,Guyana,2010,7.129792
GUY,Guyana,2011,7.401809
GUY,Guyana,2012,8.371512
GUY,Guyana,2013,8.152822
GUY,Guyana,2014,8.148991
GUY,Guyana,2015,8.316044
GUY,Guyana,2016,9.359702
GUY,Guyana,2017,9.2736
GUY,Guyana,2018,10.085572
GUY,Guyana,2019,11.535878
GUY,Guyana,2020,11.157623
GUY,Guyana,2021,11.751188
GUY,Guyana,2022,14.162006
GUY,Guyana,2023,16.340101
GUY,Guyana,2024,16.345104
HND,Honduras,2010,28.362095
HND,Honduras,2011,28.992662
HND,Honduras,2012,31.447252
HND,Honduras,2013,31.69077
HND,Honduras,2014,34.315346
HND,Honduras,2015,38.025387
HND,Honduras,2016,34.86813
HND,Honduras,2017,35.29197
HND,Honduras,2018,35.46805
HND,Honduras,2019,39.770046
HND,Honduras,2020,35.85779
HND,Honduras,2021,41.14114
HND,Honduras,2022,42.32138
HND,Honduras,2023,48.153557
HND,Honduras,2024,48.128483
HRV,Croatia,2010,43.88788
HRV,Croatia,2011,41.734562
HRV,Croatia,2012,37.400105
HRV,Croatia,2013,35.97752
HRV,Croatia,2014,37.662575
HRV,Croatia,2015,39.127132
HRV,Croatia,2016,39.293175
HRV,Croatia,2017,42.001553
HRV,Croatia,2018,40.695423
HRV,Croatia,2019,39.723515
HRV,Croatia,2020,34.046947
HRV,Croatia,2021,35.994972
HRV,Croatia,2022,39.39885
HRV,Croatia,2023,43.744762
HRV,Croatia,2024,46.65919
HRV,Croatia,2025,48.559433
HTI,Haiti,2010,8.576274
HTI,Haiti,2011,9.200496
HTI,Haiti,2012,9.877772
HTI,Haiti,2013,10.644787
HTI,Haiti,2014,11.645427
HTI,Haiti,2015,13.340457
HTI,Haiti,2016,13.892448
HTI,Haiti,2017,13.62085
HTI,Haiti,2018,14.218305
HTI,Haiti,2019,13.175039
HTI,Haiti,2020,14.033705
HTI,Haiti,2021,14.860153
HTI,Haiti,2022,12.068607
HTI,Haiti,2023,6.899781
HTI,Haiti,2024,6.902395
HUN,Hungary,2010,81.30606
HUN,Hungary,2011,77.20298
HUN,Hungary,2012,72.05541
HUN,Hungary,2013,70.47382
HUN,Hungary,2014,78.41945
HUN,Hungary,2015,84.03167
HUN,Hungary,2016,83.451355
HUN,Hungary,2017,90.3991
HUN,Hungary,2018,96.8896
HUN,Hungary,2019,97.92278
HUN,Hungary,2020,89.379326
HUN,Hungary,2021,97.09771
HUN,Hungary,2022,96.33766
HUN,Hungary,2023,94.0944
HUN,Hungary,2024,93.32065
HUN,Hungary,2025,92.39464
IDN,Indonesia,2010,793.81995
IDN,Indonesia,2011,850.97736
IDN,Indonesia,2012,894.8122
IDN,Indonesia,2013,865.0088
IDN,Indonesia,2014,861.4602
IDN,Indonesia,2015,822.09674
IDN,Indonesia,2016,792.95087
IDN,Indonesia,2017,850.3321
IDN,Indonesia,2018,877.21906
IDN,Indonesia,2019,855.10266
IDN,Indonesia,2020,753.2117
IDN,Indonesia,2021,786.71375
IDN,Indonesia,2022,858.0724
IDN,Indonesia,2023,854.7072
IDN,Indonesia,2024,875.5163
IDN,Indonesia,2025,910.4112
IND,India,2010,1848.4161
IND,India,2011,1935.7648
IND,India,2012,2051.6697
IND,India,2013,2065.6555
IND,India,2014,2125.4941
IND,India,2015,2296.0386
IND,India,2016,2514.2617
IND,India,2017,2588.196
IND,India,2018,2704.5122
IND,India,2019,2791.9463
IND,India,2020,2537.8525
IND,India,2021,2588.9045
IND,India,2022,2804.5303
IND,India,2023,2939.235
IND,India,2024,3025.56
IND,India,2025,3025.5723
IRL,Ireland,2010,92.90513
IRL,Ireland,2011,83.329216
IRL,Ireland,2012,78.681175
IRL,Ireland,2013,79.80276
IRL,Ireland,2014,78.99447
IRL,Ireland,2015,81.82423
IRL,Ireland,2016,86.16182
IRL,Ireland,2017,85.45698
IRL,Ireland,2018,88.80606
IRL,Ireland,2019,88.61781
IRL,Ireland,2020,75.083244
IRL,Ireland,2021,81.75065
IRL,Ireland,2022,85.8218
IRL,Ireland,2023,84.50989
IRL,Ireland,2024,84.93315
IRL,Ireland,2025,84.065704
IRN,"Iran, Islamic Rep.",2010,972.17633
IRN,"Iran, Islamic Rep.",2011,978.04443
IRN,"Iran, Islamic Rep.",2012,998.7805
IRN,"Iran, Islamic Rep.",2013,1075.3906
IRN,"Iran, Islamic Rep.",2014,991.93774
IRN,"Iran, Islamic Rep.",2015,864.85693
IRN,"Iran, Islamic Rep.",2016,888.2897
IRN,"Iran, Islamic Rep.",2017,896.9061
IRN,"Iran, Islamic Rep.",2018,933.4988
IRN,"Iran, Islamic Rep.",2019,985.50775
IRN,"Iran, Islamic Rep.",2020,950.84296
IRN,"Iran, Islamic Rep.",2021,1009.99646
IRN,"Iran, Islamic Rep.",2022,1032.7953
IRN,"Iran, Islamic Rep.",2023,1049.5453
IRN,"Iran, Islamic Rep.",2024,1068.649
IRN,"Iran, Islamic Rep.",2025,1074.7173
IRQ,Iraq,2010,321.55725
IRQ,Iraq,2011,356.88937
IRQ,Iraq,2012,380.48477
IRQ,Iraq,2013,413.21475
IRQ,Iraq,2014,398.70303
IRQ,Iraq,2015,401.53625
IRQ,Iraq,2016,412.21582
IRQ,Iraq,2017,477.13312
IRQ,Iraq,2018,472.2986
IRQ,Iraq,2019,471.32565
IRQ,Iraq,2020,345.27032
IRQ,Iraq,2021,411.0615
IRQ,Iraq,2022,435.83615
IRQ,Iraq,2023,481.30023
IRQ,Iraq,2024,484.66443
IRQ,Iraq,2025,511.83087
ISL,Iceland,2010,8.497562
ISL,Iceland,2011,8.345639
ISL,Iceland,2012,8.243708
ISL,Iceland,2013,8.593169
ISL,Iceland,2014,9.030529
ISL,Iceland,2015,9.803495
ISL,Iceland,2016,10.829254
ISL,Iceland,2017,11.986396
ISL,Iceland,2018,13.109028
ISL,Iceland,2019,11.0991955
ISL,Iceland,2020,7.2965393
ISL,Iceland,2021,8.542696
ISL,Iceland,2022,10.809577
ISL,Iceland,2023,11.310686
ISL,Iceland,2024,11.604769
ISL,Iceland,2025,11.682964
ISR,Israel,2010,123.8482
ISR,Israel,2011,129.74031
ISR,Israel,2012,154.56673
ISR,Israel,2013,117.32228
ISR,Israel,2014,109.44141
ISR,Israel,2015,116.4035
ISR,Israel,2016,119.49044
ISR,Israel,2017,124.57352
ISR,Israel,2018,125.85821
ISR,Israel,2019,127.130394
ISR,Israel,2020,109.86071
ISR,Israel,2021,114.3978
ISR,Israel,2022,121.608055
ISR,Israel,2023,122.05581
ISR,Israel,2024,116.34696
ISR,Israel,2025,114.62597
ITA,Italy,2010,870.92426
ITA,Italy,2011,838.2304
ITA,Italy,2012,770.0105
ITA,Italy,2013,703.78674
ITA,Italy,2014,709.54504
ITA,Italy,2015,715.97876
ITA,Italy,2016,698.3066
ITA,Italy,2017,697.70245
ITA,Italy,2018,710.8526
ITA,Italy,2019,701.25146
ITA,Italy,2020,575.9923
ITA,Italy,2021,644.5087
ITA,Italy,2022,702.0944
ITA,Italy,2023,687.6171
ITA,Italy,2024,702.2383
ITA,Italy,2025,674.0875
JAM,Jamaica,2010,31.793684
JAM,Jamaica,2011,33.534443
JAM,Jamaica,2012,31.175238
JAM,Jamaica,2013,33.97301
JAM,Jamaica,2014,33.328968
JAM,Jamaica,2015,34.39933
JAM,Jamaica,2016,35.506676
JAM,Jamaica,2017,29.639315
JAM,Jamaica,2018,33.482437
JAM,Jamaica,2019,36.29711
JAM,Jamaica,2020,20.150906
JAM,Jamaica,2021,22.71394
JAM,Jamaica,2022,25.10209
JAM,Jamaica,2023,26.460573
JAM,Jamaica,2024,26.440477
JOR,Jordan,2010,64.539314
JOR,Jordan,2011,79.42851
JOR,Jordan,2012,88.40492
JOR,Jordan,2013,84.80058
JOR,Jordan,2014,95.06893
JOR,Jordan,2015,81.466446
JOR,Jordan,2016,68.68326
JOR,Jordan,2017,70.29424
JOR,Jordan,2018,64.43886
JOR,Jordan,2019,62.441364
JOR,Jordan,2020,50.364624
JOR,Jordan,2021,53.450073
JOR,Jordan,2022,57.911224
JOR,Jordan,2023,57.598793
JOR,Jordan,2024,58.222813
JPN,Japan,2010,2551.5552
JPN,Japan,2011,2556.386
JPN,Japan,2012,2713.0208
JPN,Japan,2013,2583.439
JPN,Japan,2014,2452.2993
JPN,Japan,2015,2376.8066
JPN,Japan,2016,2305.7126
JPN,Japan,2017,2264.6455
JPN,Japan,2018,2196.718
JPN,Japan,2019,2132.0625
JPN,Japan,2020,1916.9346
JPN,Japan,2021,1960.9039
JPN,Japan,2022,1960.1013
JPN,Japan,2023,1919.0326
JPN,Japan,2024,1836.6366
JPN,Japan,2025,1808.1323
KAZ,Kazakhstan,2010,113.105934
KAZ,Kazakhstan,2011,150.89111
KAZ,Kazakhstan,2012,161.30411
KAZ,Kazakhstan,2013,162.81444
KAZ,Kazakhstan,2014,167.67194
KAZ,Kazakhstan,2015,154.43547
KAZ,Kazakhstan,2016,157.86322
KAZ,Kazakhstan,2017,159.55869
KAZ,Kazakhstan,2018,170.21378
KAZ,Kazakhstan,2019,171.49725
KAZ,Kazakhstan,2020,148.74731
KAZ,Kazakhstan,2021,183.11275
KAZ,Kazakhstan,2022,180.0903
KAZ,Kazakhstan,2023,185.62042
KAZ,Kazakhstan,2024,198.33356
KAZ,Kazakhstan,2025,217.18788
KEN,Kenya,2010,51.972248
KEN,Kenya,2011,53.492027
KEN,Kenya,2012,49.681313
KEN,Kenya,2013,53.231342
KEN,Kenya,2014,54.01631
KEN,Kenya,2015,63.038532
KEN,Kenya,2016,68.39705
KEN,Kenya,2017,69.1469
KEN,Kenya,2018,67.27856
KEN,Kenya,2019,70.82068
KEN,Kenya,2020,64.02373
KEN,Kenya,2021,68.02927
KEN,Kenya,2022,66.87425
KEN,Kenya,2023,65.991646
KEN,Kenya,2024,67.95513
KGZ,Kyrgyz Republic,2010,15.95159
KGZ,Kyrgyz Republic,2011,16.846912
KGZ,Kyrgyz Republic,2012,21.39656
KGZ,Kyrgyz Republic,2013,21.385479
KGZ,Kyrgyz Republic,2014,19.195465
KGZ,Kyrgyz Republic,2015,20.453571
KGZ,Kyrgyz Republic,2016,23.491991
KGZ,Kyrgyz Republic,2017,20.299435
KGZ,Kyrgyz Republic,2018,24.67466
KGZ,Kyrgyz Republic,2019,18.83578
KGZ,Kyrgyz Republic,2020,15.55955
KGZ,Kyrgyz Republic,2021,18.24002
KGZ,Kyrgyz Republic,2022,18.127653
KGZ,Kyrgyz Republic,2023,17.451288
KGZ,Kyrgyz Republic,2024,17.451288
KHM,Cambodia,2010,20.270653
KHM,Cambodia,2011,20.526402
KHM,Cambodia,2012,21.615805
KHM,Cambodia,2013,21.587738
KHM,Cambodia,2014,22.426058
KHM,Cambodia,2015,25.356031
KHM,Cambodia,2016,28.201645
KHM,Cambodia,2017,29.365858
KHM,Cambodia,2018,30.259377
KHM,Cambodia,2019,37.56357
KHM,Cambodia,2020,38.537575
KHM,Cambodia,2021,39.271027
KHM,Cambodia,2022,39.343735
KHM,Cambodia,2023,41.482502
KHM,Cambodia,2024,42.52755
KIR,Kiribati,2010,0.26045373
KIR,Kiribati,2011,0.24037717
KIR,Kiribati,2012,0.23718968
KIR,Kiribati,2013,0.23993716
KIR,Kiribati,2014,0.24029285
KIR,Kiribati,2015,0.25237006
KIR,Kiribati,2016,0.26914722
KIR,Kiribati,2017,0.3052573
KIR,Kiribati,2018,0.3089526
KIR,Kiribati,2019,0.31007797
KIR,Kiribati,2020,0.30528626
KIR,Kiribati,2021,0.30528626
KIR,Kiribati,2022,0.30909914
KIR,Kiribati,2023,0.31489313
KIR,Kiribati,2024,0.3527301
KOR,"Korea, Rep.",2010,1273.9978
KOR,"Korea, Rep.",2011,1286.9048
KOR,"Korea, Rep.",2012,1332.9847
KOR,"Korea, Rep.",2013,1335.017
KOR,"Korea, Rep.",2014,1329.7906
KOR,"Korea, Rep.",2015,1393.7773
KOR,"Korea, Rep.",2016,1519.5157
KOR,"Korea, Rep.",2017,1504.5671
KOR,"Korea, Rep.",2018,1499.6987
KOR,"Korea, Rep.",2019,1486.9941
KOR,"Korea, Rep.",2020,1405.6753
KOR,"Korea, Rep.",2021,1499.4344
KOR,"Korea, Rep.",2022,1518.4937
KOR,"Korea, Rep.",2023,1489.5963
KOR,"Korea, Rep.",2024,1546.4102
KOR,"Korea, Rep.",2025,1505.8105
KWT,Kuwait,2010,265.28568
KWT,Kuwait,2011,251.1297
KWT,Kuwait,2012,246.64758
KWT,Kuwait,2013,267.5382
KWT,Kuwait,2014,256.05963
KWT,Kuwait,2015,263.35034
KWT,Kuwait,2016,251.8702
KWT,Kuwait,2017,254.61877
KWT,Kuwait,2018,268.35373
KWT,Kuwait,2019,256.9169
KWT,Kuwait,2020,239.93976
KWT,Kuwait,2021,262.2006
KWT,Kuwait,2022,265.3061
KWT,Kuwait,2023,263.5062
KWT,Kuwait,2024,266.59235
KWT,Kuwait,2025,266.21362
LAO,Lao PDR,2010,8.803368
LAO,Lao PDR,2011,9.089074
LAO,Lao PDR,2012,10.172605
LAO,Lao PDR,2013,10.404854
LAO,Lao PDR,2014,10.7977
LAO,Lao PDR,2015,12.546094
LAO,Lao PDR,2016,12.612539
LAO,Lao PDR,2017,12.949825
LAO,Lao PDR,2018,14.635911
LAO,Lao PDR,2019,14.465546
LAO,Lao PDR,2020,14.16402
LAO,Lao PDR,2021,14.196245
LAO,Lao PDR,2022,14.406219
LAO,Lao PDR,2023,13.83148
LAO,Lao PDR,2024,14.190012
LBN,Lebanon,2010,72.56158
LBN,Lebanon,2011,75.01567
LBN,Lebanon,2012,84.676956
LBN,Lebanon,2013,83.94711
LBN,Lebanon,2014,89.785545
LBN,Lebanon,2015,98.72133
LBN,Lebanon,2016,102.31266
LBN,Lebanon,2017,108.8098
LBN,Lebanon,2018,102.40702
LBN,Lebanon,2019,102.472046
LBN,Lebanon,2020,96.88213
LBN,Lebanon,2021,79.62144
LBN,Lebanon,2022,62.91674
LBN,Lebanon,2023,66.91723
LBN,Lebanon,2024,67.660934
LBY,Libya,2010,189.5238
LBY,Libya,2011,114.17297
LBY,Libya,2012,153.42513
LBY,Libya,2013,154.84824
LBY,Libya,2014,161.97554
LBY,Libya,2015,131.53293
LBY,Libya,2016,120.87921
LBY,Libya,2017,126.05932
LBY,Libya,2018,131.9958
LBY,Libya,2019,128.52701
LBY,Libya,2020,111.39226
LBY,Libya,2021,117.80329
LBY,Libya,2022,121.12734
LBY,Libya,2023,127.33521
LBY,Libya,2024,130.34224
LKA,Sri Lanka,2010,52.980663
LKA,Sri Lanka,2011,59.077347
LKA,Sri Lanka,2012,63.094196
LKA,Sri Lanka,2013,53.987404
LKA,Sri Lanka,2014,61.876884
LKA,Sri Lanka,2015,59.54911
LKA,Sri Lanka,2016,72.90313
LKA,Sri Lanka,2017,78.41371
LKA,Sri Lanka,2018,77.882385
LKA,Sri Lanka,2019,81.182625
LKA,Sri Lanka,2020,66.832275
LKA,Sri Lanka,2021,66.94372
LKA,Sri Lanka,2022,55.511925
LKA,Sri Lanka,2023,63.5625
LKA,Sri Lanka,2024,68.43063
LKA,Sri Lanka,2025,72.76536
LTU,Lithuania,2010,31.699005
LTU,Lithuania,2011,30.631077
LTU,Lithuania,2012,30.99526
LTU,Lithuania,2013,30.120863
LTU,Lithuania,2014,29.522429
LTU,Lithuania,2015,32.41703
LTU,Lithuania,2016,35.661934
LTU,Lithuania,2017,36.70305
LTU,Lithuania,2018,39.087585
LTU,Lithuania,2019,39.038982
LTU,Lithuania,2020,36.593956
LTU,Lithuania,2021,36.981213
LTU,Lithuania,2022,37.15651
LTU,Lithuania,2023,38.186306
LTU,Lithuania,2024,37.632763
LTU,Lithuania,2025,33.79465
LUX,Luxembourg,2010,34.167213
LUX,Luxembourg,2011,34.900715
LUX,Luxembourg,2012,33.672718
LUX,Luxembourg,2013,33.112263
LUX,Luxembourg,2014,31.917315
LUX,Luxembourg,2015,31.355425
LUX,Luxembourg,2016,31.312542
LUX,Luxembourg,2017,32.775616
LUX,Luxembourg,2018,34.678898
LUX,Luxembourg,2019,35.056538
LUX,Luxembourg,2020,28.461853
LUX,Luxembourg,2021,30.569939
LUX,Luxembourg,2022,27.838793
LUX,Luxembourg,2023,26.817352
LUX,Luxembourg,2024,25.929195
LUX,Luxembourg,2025,24.429531
LVA,Latvia,2010,21.192507
LVA,Latvia,2011,19.342066
LVA,Latvia,2012,19.33762
LVA,Latvia,2013,19.562716
LVA,Latvia,2014,19.589468
LVA,Latvia,2015,20.65956
LVA,Latvia,2016,21.447342
LVA,Latvia,2017,21.716269
LVA,Latvia,2018,19.510897
LVA,Latvia,2019,22.32267
LVA,Latvia,2020,19.587238
LVA,Latvia,2021,20.482428
LVA,Latvia,2022,19.615505
LVA,Latvia,2023,19.472075
LVA,Latvia,2024,17.984465
LVA,Latvia,2025,17.934309
MAR,Morocco,2010,143.70778
MAR,Morocco,2011,153.33934
MAR,Morocco,2012,154.29112
MAR,Morocco,2013,156.06314
MAR,Morocco,2014,148.68529
MAR,Morocco,2015,145.51521
MAR,Morocco,2016,149.06464
MAR,Morocco,2017,157.80403
MAR,Morocco,2018,154.05064
MAR,Morocco,2019,156.34242
MAR,Morocco,2020,136.37965
MAR,Morocco,2021,154.74522
MAR,Morocco,2022,159.52397
MAR,Morocco,2023,158.34901
MAR,Morocco,2024,168.33871
MAR,Morocco,2025,176.46678
MDG,Madagascar,2010,7.90064
MDG,Madagascar,2011,8.596565
MDG,Madagascar,2012,9.540037
MDG,Madagascar,2013,9.250212
MDG,Madagascar,2014,10.178538
MDG,Madagascar,2015,11.537488
MDG,Madagascar,2016,12.654155
MDG,Madagascar,2017,10.411985
MDG,Madagascar,2018,8.778355
MDG,Madagascar,2019,11.285519
MDG,Madagascar,2020,9.917751
MDG,Madagascar,2021,11.830626
MDG,Madagascar,2022,11.98736
MDG,Madagascar,2023,11.708166
MDG,Madagascar,2024,12.03201
MDV,Maldives,2010,4.5227046
MDV,Maldives,2011,4.8880334
MDV,Maldives,2012,6.224111
MDV,Maldives,2013,6.5637116
MDV,Maldives,2014,8.794967
MDV,Maldives,2015,6.574206
MDV,Maldives,2016,6.9653583
MDV,Maldives,2017,7.215674
MDV,Maldives,2018,5.669428
MDV,Maldives,2019,6.198863
MDV,Maldives,2020,5.038176
MDV,Maldives,2021,6.4199095
MDV,Maldives,2022,7.3552194
MDV,Maldives,2023,7.4929304
MDV,Maldives,2024,7.689133
MEX,Mexico,2010,1112.777
MEX,Mexico,2011,1124.4806
MEX,Mexico,2012,1128.043
MEX,Mexico,2013,1104.3536
MEX,Mexico,2014,1055.3928
MEX,Mexico,2015,1077.9459
MEX,Mexico,2016,1083.3727
MEX,Mexico,2017,1052.6349
MEX,Mexico,2018,1012.1245
MEX,Mexico,2019,928.019
MEX,Mexico,2020,812.51263
MEX,Mexico,2021,907.5656
MEX,Mexico,2022,986.4036
MEX,Mexico,2023,966.99414
MEX,Mexico,2024,964.49615
MEX,Mexico,2025,963.2437
MLI,Mali,2010,8.719841
MLI,Mali,2011,9.5210085
MLI,Mali,2012,10.14151
MLI,Mali,2013,10.896548
MLI,Mali,2014,11.68053
MLI,Mali,2015,14.138908
MLI,Mali,2016,18.104397
MLI,Mali,2017,20.018175
MLI,Mali,2018,20.825916
MLI,Mali,2019,22.588982
MLI,Mali,2020,24.672775
MLI,Mali,2021,29.248526
MLI,Mali,2022,27.036205
MLI,Mali,2023,27.569248
MLI,Mali,2024,28.257658
MMR,Myanmar,2010,16.178537
MMR,Myanmar,2011,15.034848
MMR,Myanmar,2012,27.297537
MMR,Myanmar,2013,36.30626
MMR,Myanmar,2014,55.47167
MMR,Myanmar,2015,43.700703
MMR,Myanmar,2016,52.31376
MMR,Myanmar,2017,81.948296
MMR,Myanmar,2018,88.74078
MMR,Myanmar,2019,86.67889
MMR,Myanmar,2020,85.66535
MMR,Myanmar,2021,76.48565
MMR,Myanmar,2022,69.05444
MMR,Myanmar,2023,73.375626
MMR,Myanmar,2024,75.213104
MNG,Mongolia,2010,10.405392
MNG,Mongolia,2011,12.982423
MNG,Mongolia,2012,14.802588
MNG,Mongolia,2013,15.4098625
MNG,Mongolia,2014,14.590604
MNG,Mongolia,2015,14.374139
MNG,Mongolia,2016,12.554286
MNG,Mongolia,2017,16.13413
MNG,Mongolia,2018,17.094923
MNG,Mongolia,2019,21.52225
MNG,Mongolia,2020,21.063086
MNG,Mongolia,2021,20.499407
MNG,Mongolia,2022,22.447691
MNG,Mongolia,2023,28.22921
MNG,Mongolia,2024,28.938168
MOZ,Mozambique,2010,9.699901
MOZ,Mozambique,2011,10.938788
MOZ,Mozambique,2012,10.566263
MOZ,Mozambique,2013,12.28282
MOZ,Mozambique,2014,14.170089
MOZ,Mozambique,2015,17.226282
MOZ,Mozambique,2016,25.582113
MOZ,Mozambique,2017,27.819115
MOZ,Mozambique,2018,20.31068
MOZ,Mozambique,2019,20.20055
MOZ,Mozambique,2020,17.29912
MOZ,Mozambique,2021,22.926428
MOZ,Mozambique,2022,24.61132
MOZ,Mozambique,2023,24.997967
MOZ,Mozambique,2024,25.633131
MRT,Mauritania,2010,8.425662
MRT,Mauritania,2011,9.05416
MRT,Mauritania,2012,10.050162
MRT,Mauritania,2013,8.853983
MRT,Mauritania,2014,10.703836
MRT,Mauritania,2015,10.604641
MRT,Mauritania,2016,9.875399
MRT,Mauritania,2017,15.220191
MRT,Mauritania,2018,16.695621
MRT,Mauritania,2019,17.36666
MRT,Mauritania,2020,17.829647
MRT,Mauritania,2021,16.93375
MRT,Mauritania,2022,19.448343
MRT,Mauritania,2023,18.42953
MRT,Mauritania,2024,18.905016
MUS,Mauritius,2010,14.348577
MUS,Mauritius,2011,15.368129
MUS,Mauritius,2012,15.264172
MUS,Mauritius,2013,15.261982
MUS,Mauritius,2014,15.7273035
MUS,Mauritius,2015,16.286877
MUS,Mauritius,2016,17.196531
MUS,Mauritius,2017,19.496603
MUS,Mauritius,2018,18.269245
MUS,Mauritius,2019,19.470695
MUS,Mauritius,2020,15.562959
MUS,Mauritius,2021,14.808691
MUS,Mauritius,2022,16.251
MUS,Mauritius,2023,16.799427
MUS,Mauritius,2024,17.245117
MYS,Malaysia,2010,359.26303
MYS,Malaysia,2011,366.93448
MYS,Malaysia,2012,402.15158
MYS,Malaysia,2013,427.7041
MYS,Malaysia,2014,429.4578
MYS,Malaysia,2015,398.72943
MYS,Malaysia,2016,443.1652
MYS,Malaysia,2017,417.50873
MYS,Malaysia,2018,423.48398
MYS,Malaysia,2019,460.104
MYS,Malaysia,2020,382.17374
MYS,Malaysia,2021,369.3167
MYS,Malaysia,2022,446.86496
MYS,Malaysia,2023,489.14957
MYS,Malaysia,2024,503.21747
MYS,Malaysia,2025,514.21436
NAM,Namibia,2010,12.588346
NAM,Namibia,2011,12.913077
NAM,Namibia,2012,13.176425
NAM,Namibia,2013,14.093568
NAM,Namibia,2014,14.834282
NAM,Namibia,2015,16.074778
NAM,Namibia,2016,16.092768
NAM,Namibia,2017,16.02103
NAM,Namibia,2018,16.095917
NAM,Namibia,2019,15.774463
NAM,Namibia,2020,14.685657
NAM,Namibia,2021,14.91735
NAM,Namibia,2022,13.731646
NAM,Namibia,2023,14.3630705
NAM,Namibia,2024,14.746947
NER,Niger,2010,5.043925
NER,Niger,2011,4.847729
NER,Niger,2012,7.012894
NER,Niger,2013,8.365509
NER,Niger,2014,7.4026628
NER,Niger,2015,8.108671
NER,Niger,2016,7.2891607
NER,Niger,2017,6.9784055
NER,Niger,2018,5.5947647
NER,Niger,2019,9.2962675
NER,Niger,2020,9.292914
NER,Niger,2021,8.293812
NER,Niger,2022,9.946551
NER,Niger,2023,11.335198
NER,Niger,2024,11.659857
NGA,Nigeria,2010,170.80164
NGA,Nigeria,2011,163.45119
NGA,Nigeria,2012,161.88834
NGA,Nigeria,2013,250.23361
NGA,Nigeria,2014,265.69763
NGA,Nigeria,2015,239.22893
NGA,Nigeria,2016,246.57065
NGA,Nigeria,2017,247.90207
NGA,Nigeria,2018,262.62952
NGA,Nigeria,2019,282.09778
NGA,Nigeria,2020,247.50067
NGA,Nigeria,2021,280.11624
NGA,Nigeria,2022,295.46152
NGA,Nigeria,2023,277.53467
NGA,Nigeria,2024,281.3016
NIC,Nicaragua,2010,17.849411
NIC,Nicaragua,2011,19.131138
NIC,Nicaragua,2012,18.173878
NIC,Nicaragua,2013,18.309772
NIC,Nicaragua,2014,19.197575
NIC,Nicaragua,2015,22.083294
NIC,Nicaragua,2016,21.721138
NIC,Nicaragua,2017,21.211166
NIC,Nicaragua,2018,19.65364
NIC,Nicaragua,2019,20.34588
NIC,Nicaragua,2020,17.969992
NIC,Nicaragua,2021,19.851213
NIC,Nicaragua,2022,20.476042
NIC,Nicaragua,2023,21.314346
NIC,Nicaragua,2024,21.31492
NLD,Netherlands,2010,568.00195
NLD,Netherlands,2011,567.4297
NLD,Netherlands,2012,555.9069
NLD,Netherlands,2013,529.2256
NLD,Netherlands,2014,518.6247
NLD,Netherlands,2015,506.40988
NLD,Netherlands,2016,517.92004
NLD,Netherlands,2017,520.74
NLD,Netherlands,2018,506.35074
NLD,Netherlands,2019,493.8459
NLD,Netherlands,2020,469.32333
NLD,Netherlands,2021,470.76492
NLD,Netherlands,2022,460.64832
NLD,Netherlands,2023,461.9948
NLD,Netherlands,2024,466.8821
NLD,Netherlands,2025,460.20206
NOR,Norway,2010,124.66059
NOR,Norway,2011,124.08358
NOR,Norway,2012,123.83338
NOR,Norway,2013,122.371796
NOR,Norway,2014,116.465195
NOR,Norway,2015,113.27705
NOR,Norway,2016,113.180145
NOR,Norway,2017,119.68904
NOR,Norway,2018,117.01603
NOR,Norway,2019,114.72056
NOR,Norway,2020,104.91503
NOR,Norway,2021,106.299385
NOR,Norway,2022,109.12064
NOR,Norway,2023,108.630905
NOR,Norway,2024,102.23348
NOR,Norway,2025,104.15131
NPL,Nepal,2010,12.523022
NPL,Nepal,2011,12.950098
NPL,Nepal,2012,14.076641
NPL,Nepal,2013,15.284176
NPL,Nepal,2014,16.914213
NPL,Nepal,2015,14.290873
NPL,Nepal,2016,24.512173
NPL,Nepal,2017,28.291615
NPL,Nepal,2018,32.24763
NPL,Nepal,2019,25.442938
NPL,Nepal,2020,32.89494
NPL,Nepal,2021,34.99933
NPL,Nepal,2022,36.262268
NPL,Nepal,2023,33.078236
NPL,Nepal,2024,33.88261
NRU,Naoero,2010,0.23729913
NRU,Naoero,2011,0.23325796
NRU,Naoero,2012,0.24751908
NRU,Naoero,2013,0.28915864
NRU,Naoero,2014,0.3122298
NRU,Naoero,2015,0.33247903
NRU,Naoero,2016,0.3648832
NRU,Naoero,2017,0.28421918
NRU,Naoero,2018,0.32169825
NRU,Naoero,2019,0.3167219
NRU,Naoero,2020,0.3085892
NRU,Naoero,2021,0.31929213
NRU,Naoero,2022,0.324078
NRU,Naoero,2023,0.33681193
NRU,Naoero,2024,0.37768862
NZL,New Zealand,2010,84.065094
NZL,New Zealand,2011,86.09215
NZL,New Zealand,2012,85.0154
NZL,New Zealand,2013,86.00979
NZL,New Zealand,2014,87.71449
NZL,New Zealand,2015,91.329094
NZL,New Zealand,2016,94.54369
NZL,New Zealand,2017,99.07446
NZL,New Zealand,2018,99.34009
NZL,New Zealand,2019,101.76752
NZL,New Zealand,2020,84.13359
NZL,New Zealand,2021,83.87855
NZL,New Zealand,2022,82.99131
NZL,New Zealand,2023,88.77059
NZL,New Zealand,2024,90.044685
NZL,New Zealand,2025,89.86601
OMN,Oman,2010,72.929794
OMN,Oman,2011,78.92197
OMN,Oman,2012,85.93543
OMN,Oman,2013,99.81871
OMN,Oman,2014,102.40699
OMN,Oman,2015,105.91571
OMN,Oman,2016,109.48738
OMN,Oman,2017,116.849075
OMN,Oman,2018,127.07966
OMN,Oman,2019,122.85308
OMN,Oman,2020,100.00917
OMN,Oman,2021,109.40767
OMN,Oman,2022,127.23318
OMN,Oman,2023,127.31774
OMN,Oman,2024,129.55266
OMN,Oman,2025,145.33641
PAK,Pakistan,2010,243.88008
PAK,Pakistan,2011,245.5318
PAK,Pakistan,2012,237.93188
PAK,Pakistan,2013,260.81177
PAK,Pakistan,2014,269.72635
PAK,Pakistan,2015,293.9605
PAK,Pakistan,2016,328.8486
PAK,Pakistan,2017,339.49326
PAK,Pakistan,2018,284.8369
PAK,Pakistan,2019,255.64151
PAK,Pakistan,2020,250.0316
PAK,Pakistan,2021,289.22247
PAK,Pakistan,2022,281.94827
PAK,Pakistan,2023,223.84207
PAK,Pakistan,2024,231.17207
PAK,Pakistan,2025,242.44946
PAN,Panama,2010,78.89947
PAN,Panama,2011,78.68398
PAN,Panama,2012,85.68791
PAN,Panama,2013,84.45225
PAN,Panama,2014,86.709465
PAN,Panama,2015,92.50658
PAN,Panama,2016,97.403755
PAN,Panama,2017,104.5357
PAN,Panama,2018,95.75644
PAN,Panama,2019,107.02178
PAN,Panama,2020,65.94831
PAN,Panama,2021,73.1476
PAN,Panama,2022,83.061264
PAN,Panama,2023,84.066765
PAN,Panama,2024,84.02062
PER,Peru,2010,101.51832
PER,Peru,2011,112.06888
PER,Peru,2012,111.44959
PER,Peru,2013,116.81235
PER,Peru,2014,114.978226
PER,Peru,2015,122.40205
PER,Peru,2016,130.30739
PER,Peru,2017,133.0222
PER,Peru,2018,136.62785
PER,Peru,2019,140.67459
PER,Peru,2020,107.05036
PER,Peru,2021,132.76494
PER,Peru,2022,138.04291
PER,Peru,2023,142.87662
PER,Peru,2024,148.15532
PER,Peru,2025,159.0583
PHL,Philippines,2010,173.30809
PHL,Philippines,2011,163.80542
PHL,Philippines,2012,169.58356
PHL,Philippines,2013,177.9317
PHL,Philippines,2014,188.79172
PHL,Philippines,2015,215.40018
PHL,Philippines,2016,231.16985
PHL,Philippines,2017,247.42796
PHL,Philippines,2018,248.34981
PHL,Philippines,2019,254.16463
PHL,Philippines,2020,206.09845
PHL,Philippines,2021,224.42242
PHL,Philippines,2022,249.05637
PHL,Philippines,2023,260.4399
PHL,Philippines,2024,272.54376
PHL,Philippines,2025,278.64285
PNG,Papua New Guinea,2010,16.921055
PNG,Papua New Guinea,2011,17.749367
PNG,Papua New Guinea,2012,17.017832
PNG,Papua New Guinea,2013,17.357128
PNG,Papua New Guinea,2014,18.726107
PNG,Papua New Guinea,2015,22.509802
PNG,Papua New Guinea,2016,24.251379
PNG,Papua New Guinea,2017,23.82954
PNG,Papua New Guinea,2018,26.94021
PNG,Papua New Guinea,2019,26.19891
PNG,Papua New Guinea,2020,25.1804
PNG,Papua New Guinea,2021,24.644007
PNG,Papua New Guinea,2022,25.450497
PNG,Papua New Guinea,2023,26.031296
PNG,Papua New Guinea,2024,26.762949
POL,Poland,2010,314.1251
POL,Poland,2011,311.50574
POL,Poland,2012,298.3708
POL,Poland,2013,277.3465
POL,Poland,2014,277.49698
POL,Poland,2015,292.9932
POL,Poland,2016,321.5872
POL,Poland,2017,362.9471
POL,Poland,2018,372.2887
POL,Poland,2019,379.48453
POL,Poland,2020,359.47464
POL,Poland,2021,375.48102
POL,Poland,2022,390.6327
POL,Poland,2023,388.32553
POL,Poland,2024,392.43048
POL,Poland,2025,404.87833
PRK,"Korea, Dem. People's Rep.",2010,10.611451
PRK,"Korea, Dem. People's Rep.",2011,10.906247
PRK,"Korea, Dem. People's Rep.",2012,10.473572
PRK,"Korea, Dem. People's Rep.",2013,11.315084
PRK,"Korea, Dem. People's Rep.",2014,10.801428
PRK,"Korea, Dem. People's Rep.",2015,12.30901
PRK,"Korea, Dem. People's Rep.",2016,13.126052
PRK,"Korea, Dem. People's Rep.",2017,11.930037
PRK,"Korea, Dem. People's Rep.",2018,11.742417
PRK,"Korea, Dem. People's Rep.",2019,12.819204
PRK,"Korea, Dem. People's Rep.",2020,12.319323
PRK,"Korea, Dem. People's Rep.",2021,9.99945
PRK,"Korea, Dem. People's Rep.",2022,10.4355135
PRK,"Korea, Dem. People's Rep.",2023,11.573526
PRK,"Korea, Dem. People's Rep.",2024,11.900994
PRT,Portugal,2010,149.48178
PRT,Portugal,2011,140.12875
PRT,Portugal,2012,127.39728
PRT,Portugal,2013,130.73607
PRT,Portugal,2014,129.18199
PRT,Portugal,2015,132.16782
PRT,Portugal,2016,134.93422
PRT,Portugal,2017,135.99239
PRT,Portugal,2018,131.66093
PRT,Portugal,2019,139.91884
PRT,Portugal,2020,114.11291
PRT,Portugal,2021,117.3465
PRT,Portugal,2022,128.5056
PRT,Portugal,2023,125.77155
PRT,Portugal,2024,123.37686
PRT,Portugal,2025,123.48502
PRY,Paraguay,2010,19.828974
PRY,Paraguay,2011,20.101103
PRY,Paraguay,2012,21.380756
PRY,Paraguay,2013,21.08276
PRY,Paraguay,2014,22.147902
PRY,Paraguay,2015,27.09043
PRY,Paraguay,2016,32.03349
PRY,Paraguay,2017,32.63431
PRY,Paraguay,2018,34.433426
PRY,Paraguay,2019,33.3804
PRY,Paraguay,2020,30.903038
PRY,Paraguay,2021,35.01249
PRY,Paraguay,2022,31.733072
PRY,Paraguay,2023,31.133158
PRY,Paraguay,2024,31.162397
PSE,West Bank and Gaza,2010,8.788608
PSE,West Bank and Gaza,2011,9.774673
PSE,West Bank and Gaza,2012,9.492746
PSE,West Bank and Gaza,2013,10.559867
PSE,West Bank and Gaza,2014,11.561077
PSE,West Bank and Gaza,2015,12.8852005
PSE,West Bank and Gaza,2016,13.65009
PSE,West Bank and Gaza,2017,13.612565
PSE,West Bank and Gaza,2018,12.484095
PSE,West Bank and Gaza,2019,14.199158
PSE,West Bank and Gaza,2020,14.441171
PSE,West Bank and Gaza,2021,15.73935
PSE,West Bank and Gaza,2022,20.110214
PSE,West Bank and Gaza,2023,19.391544
PSE,West Bank and Gaza,2024,19.650612
QAT,Qatar,2010,81.08316
QAT,Qatar,2011,102.54465
QAT,Qatar,2012,108.15663
QAT,Qatar,2013,129.21953
QAT,Qatar,2014,136.32497
QAT,Qatar,2015,159.36671
QAT,Qatar,2016,168.92227
QAT,Qatar,2017,151.88354
QAT,Qatar,2018,154.9846
QAT,Qatar,2019,169.01854
QAT,Qatar,2020,126.878494
QAT,Qatar,2021,139.33305
QAT,Qatar,2022,163.93837
QAT,Qatar,2023,170.59053
QAT,Qatar,2024,175.95923
QAT,Qatar,2025,178.6584
ROU,Romania,2010,100.407486
ROU,Romania,2011,105.37204
ROU,Romania,2012,106.799164
ROU,Romania,2013,100.08147
ROU,Romania,2014,102.853096
ROU,Romania,2015,104.67591
ROU,Romania,2016,109.50532
ROU,Romania,2017,115.11504
ROU,Romania,2018,115.10531
ROU,Romania,2019,120.50201
ROU,Romania,2020,116.62167
ROU,Romania,2021,125.23474
ROU,Romania,2022,126.70776
ROU,Romania,2023,131.32236
ROU,Romania,2024,137.8218
ROU,Romania,2025,133.6012
RUS,Russian Federation,2010,1604.9197
RUS,Russian Federation,2011,1721.7162
RUS,Russian Federation,2012,1780.8062
RUS,Russian Federation,2013,1785.0247
RUS,Russian Federation,2014,1875.5392
RUS,Russian Federation,2015,1812.3582
RUS,Russian Federation,2016,1839.1206
RUS,Russian Federation,2017,1833.1202
RUS,Russian Federation,2018,1850.8489
RUS,Russian Federation,2019,1888.737
RUS,Russian Federation,2020,1815.7542
RUS,Russian Federation,2021,1930.508
RUS,Russian Federation,2022,1982.0867
RUS,Russian Federation,2023,2005.4017
RUS,Russian Federation,2024,1996.2903
RUS,Russian Federation,2025,1993.5671
RWA,Rwanda,2010,2.9520566
RWA,Rwanda,2011,3.2730727
RWA,Rwanda,2012,3.6126187
RWA,Rwanda,2013,3.8242314
RWA,Rwanda,2014,3.9105082
RWA,Rwanda,2015,4.1658278
RWA,Rwanda,2016,4.220311
RWA,Rwanda,2017,4.240379
RWA,Rwanda,2018,3.9303703
RWA,Rwanda,2019,4.380032
RWA,Rwanda,2020,4.5265207
RWA,Rwanda,2021,5.2340765
RWA,Rwanda,2022,5.2671175
RWA,Rwanda,2023,5.570844
RWA,Rwanda,2024,5.7231045
SAU,Saudi Arabia,2010,1617.5393
SAU,Saudi Arabia,2011,1680.0405
SAU,Saudi Arabia,2012,1769.6074
SAU,Saudi Arabia,2013,1779.6705
SAU,Saudi Arabia,2014,1957.39
SAU,Saudi Arabia,2015,2063.1904
SAU,Saudi Arabia,2016,2125.6958
SAU,Saudi Arabia,2017,2087.7917
SAU,Saudi Arabia,2018,1979.1284
SAU,Saudi Arabia,2019,1855.6122
SAU,Saudi Arabia,2020,1754.3173
SAU,Saudi Arabia,2021,1833.8433
SAU,Saudi Arabia,2022,1956.8835
SAU,Saudi Arabia,2023,1994.0145
SAU,Saudi Arabia,2024,2031.2227
SAU,Saudi Arabia,2025,1981.2086
SDN,Sudan,2010,69.926765
SDN,Sudan,2011,66.17762
SDN,Sudan,2012,63.14342
SDN,Sudan,2013,62.40356
SDN,Sudan,2014,63.071854
SDN,Sudan,2015,67.88488
SDN,Sudan,2016,83.75322
SDN,Sudan,2017,82.59494
SDN,Sudan,2018,84.74012
SDN,Sudan,2019,85.67981
SDN,Sudan,2020,68.24566
SDN,Sudan,2021,69.69663
SDN,Sudan,2022,78.46792
SDN,Sudan,2023,54.848934
SDN,Sudan,2024,51.91959
SEN,Senegal,2010,23.225891
SEN,Senegal,2011,24.39407
SEN,Senegal,2012,23.697712
SEN,Senegal,2013,24.51029
SEN,Senegal,2014,26.79856
SEN,Senegal,2015,31.673937
SEN,Senegal,2016,30.218792
SEN,Senegal,2017,31.484365
SEN,Senegal,2018,33.103523
SEN,Senegal,2019,33.759163
SEN,Senegal,2020,30.22421
SEN,Senegal,2021,35.680073
SEN,Senegal,2022,40.794632
SEN,Senegal,2023,45.857975
SEN,Senegal,2024,46.9656
SGP,Singapore,2010,730.60547
SGP,Singapore,2011,762.96924
SGP,Singapore,2012,762.16626
SGP,Singapore,2013,747.8612
SGP,Singapore,2014,759.87036
SGP,Singapore,2015,811.2188
SGP,Singapore,2016,843.3633
SGP,Singapore,2017,874.1918
SGP,Singapore,2018,885.29626
SGP,Singapore,2019,859.50146
SGP,Singapore,2020,796.4289
SGP,Singapore,2021,788.3909
SGP,Singapore,2022,775.13043
SGP,Singapore,2023,837.6018
SGP,Singapore,2024,882.5105
SGP,Singapore,2025,882.3997
SLB,Solomon Islands,2010,1.5507745
SLB,Solomon Islands,2011,1.6046249
SLB,Solomon Islands,2012,1.6094626
SLB,Solomon Islands,2013,1.6027929
SLB,Solomon Islands,2014,1.5044639
SLB,Solomon Islands,2015,1.3733606
SLB,Solomon Islands,2016,1.31796
SLB,Solomon Islands,2017,1.307335
SLB,Solomon Islands,2018,1.3386688
SLB,Solomon Islands,2019,1.3176533
SLB,Solomon Islands,2020,1.2899874
SLB,Solomon Islands,2021,1.2757999
SLB,Solomon Islands,2022,1.2344651
SLB,Solomon Islands,2023,1.2607273
SLB,Solomon Islands,2024,1.3265071
SLV,El Salvador,2010,25.987204
SLV,El Salvador,2011,26.181591
SLV,El Salvador,2012,26.9135
SLV,El Salvador,2013,25.730356
SLV,El Salvador,2014,26.564566
SLV,El Salvador,2015,28.225168
SLV,El Salvador,2016,28.453978
SLV,El Salvador,2017,26.08161
SLV,El Salvador,2018,28.942766
SLV,El Salvador,2019,33.36146
SLV,El Salvador,2020,26.296453
SLV,El Salvador,2021,30.988806
SLV,El Salvador,2022,32.52033
SLV,El Salvador,2023,34.657726
SLV,El Salvador,2024,34.688965
SRB,Serbia,2010,47.98558
SRB,Serbia,2011,47.618954
SRB,Serbia,2012,41.80684
SRB,Serbia,2013,43.485855
SRB,Serbia,2014,41.59111
SRB,Serbia,2015,43.46562
SRB,Serbia,2016,44.343185
SRB,Serbia,2017,44.08013
SRB,Serbia,2018,45.64308
SRB,Serbia,2019,47.24197
SRB,Serbia,2020,43.68928
SRB,Serbia,2021,48.799877
SRB,Serbia,2022,53.405895
SRB,Serbia,2023,51.985497
SRB,Serbia,2024,52.88022
SUR,Suriname,2010,10.35436
SUR,Suriname,2011,8.27617
SUR,Suriname,2012,9.836673
SUR,Suriname,2013,9.113256
SUR,Suriname,2014,9.440969
SUR,Suriname,2015,9.080163
SUR,Suriname,2016,8.362197
SUR,Suriname,2017,9.283339
SUR,Suriname,2018,7.399951
SUR,Suriname,2019,9.078771
SUR,Suriname,2020,8.3159
SUR,Suriname,2021,9.702024
SUR,Suriname,2022,10.387353
SUR,Suriname,2023,8.807521
SUR,Suriname,2024,8.843666
SVK,Slovak Republic,2010,45.80158
SVK,Slovak Republic,2011,45.289116
SVK,Slovak Republic,2012,41.787235
SVK,Slovak Republic,2013,41.750195
SVK,Slovak Republic,2014,38.73857
SVK,Slovak Republic,2015,42.231773
SVK,Slovak Republic,2016,44.63993
SVK,Slovak Republic,2017,49.168777
SVK,Slovak Republic,2018,49.682873
SVK,Slovak Republic,2019,47.017704
SVK,Slovak Republic,2020,46.984623
SVK,Slovak Republic,2021,49.438286
SVK,Slovak Republic,2022,50.027363
SVK,Slovak Republic,2023,49.066074
SVK,Slovak Republic,2024,44.43062
SVK,Slovak Republic,2025,46.51993
SVN,Slovenia,2010,30.972471
SVN,Slovenia,2011,30.851475
SVN,Slovenia,2012,30.20445
SVN,Slovenia,2013,28.55647
SVN,Slovenia,2014,28.241379
SVN,Slovenia,2015,27.81775
SVN,Slovenia,2016,29.852818
SVN,Slovenia,2017,30.5679
SVN,Slovenia,2018,31.68107
SVN,Slovenia,2019,30.317005
SVN,Slovenia,2020,25.189037
SVN,Slovenia,2021,26.98625
SVN,Slovenia,2022,28.227678
SVN,Slovenia,2023,26.136494
SVN,Slovenia,2024,27.45618
SVN,Slovenia,2025,28.994057
SWE,Sweden,2010,187.42737
SWE,Sweden,2011,171.8693
SWE,Sweden,2012,169.59457
SWE,Sweden,2013,164.20448
SWE,Sweden,2014,161.06584
SWE,Sweden,2015,151.93994
SWE,Sweden,2016,157.43141
SWE,Sweden,2017,156.95505
SWE,Sweden,2018,146.54958
SWE,Sweden,2019,154.84167
SWE,Sweden,2020,137.15903
SWE,Sweden,2021,148.73772
SWE,Sweden,2022,135.22429
SWE,Sweden,2023,132.64648
SWE,Sweden,2024,143.63522
SWE,Sweden,2025,144.3346
SYR,Syrian Arab Republic,2010,189.01807
SYR,Syrian Arab Republic,2011,174.90646
SYR,Syrian Arab Republic,2012,131.2139
SYR,Syrian Arab Republic,2013,88.93874
SYR,Syrian Arab Republic,2014,77.49702
SYR,Syrian Arab Republic,2015,74.41901
SYR,Syrian Arab Republic,2016,75.64408
SYR,Syrian Arab Republic,2017,77.818085
SYR,Syrian Arab Republic,2018,91.15781
SYR,Syrian Arab Republic,2019,79.56981
SYR,Syrian Arab Republic,2020,77.365326
SYR,Syrian Arab Republic,2021,70.171394
SYR,Syrian Arab Republic,2022,68.24988
SYR,Syrian Arab Republic,2023,74.722664
SYR,Syrian Arab Republic,2024,75.52265
TCD,Chad,2010,1.5571327
TCD,Chad,2011,2.2286997
TCD,Chad,2012,3.8341696
TCD,Chad,2013,3.9773998
TCD,Chad,2014,4.134983
TCD,Chad,2015,4.1932936
TCD,Chad,2016,4.1325855
TCD,Chad,2017,6.382103
TCD,Chad,2018,6.831485
TCD,Chad,2019,6.993297
TCD,Chad,2020,7.3644395
TCD,Chad,2021,8.209395
TCD,Chad,2022,8.231179
TCD,Chad,2023,7.5342097
TCD,Chad,2024,7.7263703
THA,Thailand,2010,534.345
THA,Thailand,2011,543.49225
THA,Thailand,2012,564.3662
THA,Thailand,2013,584.294
THA,Thailand,2014,590.7018
THA,Thailand,2015,604.4171
THA,Thailand,2016,625.278
THA,Thailand,2017,644.63403
THA,Thailand,2018,661.35254
THA,Thailand,2019,660.58246
THA,Thailand,2020,592.58124
THA,Thailand,2021,584.32477
THA,Thailand,2022,628.92633
THA,Thailand,2023,621.4198
THA,Thailand,2024,645.81226
THA,Thailand,2025,644.22296
TJK,Tajikistan,2010,6.8194194
TJK,Tajikistan,2011,7.184137
TJK,Tajikistan,2012,8.631687
TJK,Tajikistan,2013,9.778946
TJK,Tajikistan,2014,12.036902
TJK,Tajikistan,2015,11.45309
TJK,Tajikistan,2016,12.5003605
TJK,Tajikistan,2017,10.836544
TJK,Tajikistan,2018,11.438513
TJK,Tajikistan,2019,13.419768
TJK,Tajikistan,2020,14.60993
TJK,Tajikistan,2021,14.75319
TJK,Tajikistan,2022,16.550028
TJK,Tajikistan,2023,17.543734
TJK,Tajikistan,2024,17.543734
TKM,Turkmenistan,2010,69.871574
TKM,Turkmenistan,2011,72.5153
TKM,Turkmenistan,2012,75.115166
TKM,Turkmenistan,2013,76.962555
TKM,Turkmenistan,2014,80.377846
TKM,Turkmenistan,2015,77.77804
TKM,Turkmenistan,2016,72.74557
TKM,Turkmenistan,2017,76.42154
TKM,Turkmenistan,2018,73.18286
TKM,Turkmenistan,2019,76.11543
TKM,Turkmenistan,2020,71.88702
TKM,Turkmenistan,2021,71.57167
TKM,Turkmenistan,2022,74.04459
TKM,Turkmenistan,2023,75.23012
TKM,Turkmenistan,2024,77.56339
TKM,Turkmenistan,2025,81.13275
TTO,Trinidad and Tobago,2010,26.108171
TTO,Trinidad and Tobago,2011,25.714266
TTO,Trinidad and Tobago,2012,23.528101
TTO,Trinidad and Tobago,2013,25.005686
TTO,Trinidad and Tobago,2014,23.71663
TTO,Trinidad and Tobago,2015,25.57151
TTO,Trinidad and Tobago,2016,26.288582
TTO,Trinidad and Tobago,2017,23.557047
TTO,Trinidad and Tobago,2018,20.274511
TTO,Trinidad and Tobago,2019,20.45355
TTO,Trinidad and Tobago,2020,17.45409
TTO,Trinidad and Tobago,2021,17.05173
TTO,Trinidad and Tobago,2022,18.339703
TTO,Trinidad and Tobago,2023,18.70825
TTO,Trinidad and Tobago,2024,19.069447
TTO,Trinidad and Tobago,2025,19.379004
TUN,Tunisia,2010,51.501
TUN,Tunisia,2011,47.192932
TUN,Tunisia,2012,50.277294
TUN,Tunisia,2013,51.42197
TUN,Tunisia,2014,56.133305
TUN,Tunisia,2015,59.859764
TUN,Tunisia,2016,56.69454
TUN,Tunisia,2017,59.729134
TUN,Tunisia,2018,61.173424
TUN,Tunisia,2019,60.463478
TUN,Tunisia,2020,54.58405
TUN,Tunisia,2021,58.59064
TUN,Tunisia,2022,58.584263
TUN,Tunisia,2023,57.906395
TUN,Tunisia,2024,59.3087
TUR,Turkiye,2010,374.55405
TUR,Turkiye,2011,364.07852
TUR,Turkiye,2012,383.57196
TUR,Turkiye,2013,412.15067
TUR,Turkiye,2014,423.3022
TUR,Turkiye,2015,498.6641
TUR,Turkiye,2016,533.83057
TUR,Turkiye,2017,578.77844
TUR,Turkiye,2018,579.38214
TUR,Turkiye,2019,576.5308
TUR,Turkiye,2020,547.5774
TUR,Turkiye,2021,581.60455
TUR,Turkiye,2022,606.453
TUR,Turkiye,2023,645.44495
TUR,Turkiye,2024,660.1436
TUR,Turkiye,2025,685.7287
TZA,Tanzania,2010,21.13617
TZA,Tanzania,2011,26.74599
TZA,Tanzania,2012,34.38017
TZA,Tanzania,2013,35.938545
TZA,Tanzania,2014,35.555305
TZA,Tanzania,2015,32.42988
TZA,Tanzania,2016,32.626564
TZA,Tanzania,2017,31.801071
TZA,Tanzania,2018,36.48308
TZA,Tanzania,2019,38.258312
TZA,Tanzania,2020,36.597927
TZA,Tanzania,2021,43.19021
TZA,Tanzania,2022,46.360535
TZA,Tanzania,2023,47.054504
TZA,Tanzania,2024,48.21226
UKR,Ukraine,2010,161.75578
UKR,Ukraine,2011,161.0955
UKR,Ukraine,2012,159.76318
UKR,Ukraine,2013,151.43329
UKR,Ukraine,2014,133.5871
UKR,Ukraine,2015,119.473564
UKR,Ukraine,2016,123.090195
UKR,Ukraine,2017,122.32527
UKR,Ukraine,2018,123.17294
UKR,Ukraine,2019,127.26085
UKR,Ukraine,2020,139.59264
UKR,Ukraine,2021,153.39626
UKR,Ukraine,2022,140.61356
UKR,Ukraine,2023,152.53209
UKR,Ukraine,2024,155.7529
UKR,Ukraine,2025,154.21066
URY,Uruguay,2010,32.881523
URY,Uruguay,2011,36.919247
URY,Uruguay,2012,39.969513
URY,Uruguay,2013,35.229206
URY,Uruguay,2014,31.312057
URY,Uruguay,2015,32.653656
URY,Uruguay,2016,31.599802
URY,Uruguay,2017,28.082363
URY,Uruguay,2018,28.950039
URY,Uruguay,2019,31.162748
URY,Uruguay,2020,28.419373
URY,Uruguay,2021,34.144714
URY,Uruguay,2022,33.0149
URY,Uruguay,2023,33.298115
URY,Uruguay,2024,33.32681
USA,United States,2010,9894.7
USA,United States,2011,9697.141
USA,United States,2012,9473.154
USA,United States,2013,9628.156
USA,United States,2014,9692.745
USA,United States,2015,9890.621
USA,United States,2016,9964.751
USA,United States,2017,10061.973
USA,United States,2018,10302.979
USA,United States,2019,10287.035
USA,United States,2020,9035.038
USA,United States,2021,9868.575
USA,United States,2022,9929.976
USA,United States,2023,9967.523
USA,United States,2024,10018.252
USA,United States,2025,10117.78
UZB,Uzbekistan,2010,47.18806
UZB,Uzbekistan,2011,43.732677
UZB,Uzbekistan,2012,42.752056
UZB,Uzbekistan,2013,50.06234
UZB,Uzbekistan,2014,47.044067
UZB,Uzbekistan,2015,49.760334
UZB,Uzbekistan,2016,52.583706
UZB,Uzbekistan,2017,52.862904
UZB,Uzbekistan,2018,55.10265
UZB,Uzbekistan,2019,57.597263
UZB,Uzbekistan,2020,60.472813
UZB,Uzbekistan,2021,59.14628
UZB,Uzbekistan,2022,67.04259
UZB,Uzbekistan,2023,74.01279
UZB,Uzbekistan,2024,73.10577
UZB,Uzbekistan,2025,73.24929
VEN,"Venezuela, RB",2010,429.24103
VEN,"Venezuela, RB",2011,444.8657
VEN,"Venezuela, RB",2012,482.14752
VEN,"Venezuela, RB",2013,489.14056
VEN,"Venezuela, RB",2014,452.41968
VEN,"Venezuela, RB",2015,395.10608
VEN,"Venezuela, RB",2016,342.9766
VEN,"Venezuela, RB",2017,295.5038
VEN,"Venezuela, RB",2018,239.8746
VEN,"Venezuela, RB",2019,233.22482
VEN,"Venezuela, RB",2020,131.44684
VEN,"Venezuela, RB",2021,143.22684
VEN,"Venezuela, RB",2022,168.24236
VEN,"Venezuela, RB",2023,204.50266
VEN,"Venezuela, RB",2024,178.37195
VEN,"Venezuela, RB",2025,176.87067
VNM,Viet Nam,2010,200.77858
VNM,Viet Nam,2011,198.8463
VNM,Viet Nam,2012,193.34613
VNM,Viet Nam,2013,197.83301
VNM,Viet Nam,2014,210.36154
VNM,Viet Nam,2015,221.6576
VNM,Viet Nam,2016,248.60498
VNM,Viet Nam,2017,259.5756
VNM,Viet Nam,2018,290.12668
VNM,Viet Nam,2019,294.10193
VNM,Viet Nam,2020,271.12466
VNM,Viet Nam,2021,236.76315
VNM,Viet Nam,2022,309.93494
VNM,Viet Nam,2023,339.39584
VNM,Viet Nam,2024,366.35706
VNM,Viet Nam,2025,379.7858
YEM,"Yemen, Rep.",2010,87.780624
YEM,"Yemen, Rep.",2011,75.070946
YEM,"Yemen, Rep.",2012,65.98456
YEM,"Yemen, Rep.",2013,89.60938
YEM,"Yemen, Rep.",2014,89.9536
YEM,"Yemen, Rep.",2015,41.79826
YEM,"Yemen, Rep.",2016,35.01871
YEM,"Yemen, Rep.",2017,49.357597
YEM,"Yemen, Rep.",2018,60.71428
YEM,"Yemen, Rep.",2019,66.24875
YEM,"Yemen, Rep.",2020,61.1183
YEM,"Yemen, Rep.",2021,59.9397
YEM,"Yemen, Rep.",2022,61.44986
YEM,"Yemen, Rep.",2023,57.55287
YEM,"Yemen, Rep.",2024,58.19392
ZAF,South Africa,2010,302.4367
ZAF,South Africa,2011,306.0354
ZAF,South Africa,2012,313.72104
ZAF,South Africa,2013,319.58032
ZAF,South Africa,2014,316.09113
ZAF,South Africa,2015,344.80014
ZAF,South Africa,2016,331.5981
ZAF,South Africa,2017,332.06955
ZAF,South Africa,2018,325.73
ZAF,South Africa,2019,322.70734
ZAF,South Africa,2020,273.8734
ZAF,South Africa,2021,286.45642
ZAF,South Africa,2022,285.24384
ZAF,South Africa,2023,288.39734
ZAF,South Africa,2024,265.71786
ZAF,South Africa,2025,272.42102
ZMB,Zambia,2010,8.091438
ZMB,Zambia,2011,9.6109495
ZMB,Zambia,2012,11.744269
ZMB,Zambia,2013,11.720404
ZMB,Zambia,2014,13.463086
ZMB,Zambia,2015,14.336751
ZMB,Zambia,2016,13.949516
ZMB,Zambia,2017,15.685689
ZMB,Zambia,2018,15.302006
ZMB,Zambia,2019,16.821312
ZMB,Zambia,2020,18.078106
ZMB,Zambia,2021,19.092398
ZMB,Zambia,2022,20.00546
ZMB,Zambia,2023,21.869175
ZMB,Zambia,2024,22.436148
