iso3,country_name,year,exchange_rate_lcu_per_usd
AFG,Afghanistan,2010,46.4524610013175
AFG,Afghanistan,2011,46.747007738581
AFG,Afghanistan,2012,50.9214
AFG,Afghanistan,2013,55.3775
AFG,Afghanistan,2014,57.2475
AFG,Afghanistan,2015,61.1434615416667
AFG,Afghanistan,2016,67.8660857692308
AFG,Afghanistan,2017,68.0269040822312
AFG,Afghanistan,2018,72.083247177304
AFG,Afghanistan,2019,77.7379491783367
AFG,Afghanistan,2020,76.8135364354897
AFG,Afghanistan,2021,
AFG,Afghanistan,2022,
AFG,Afghanistan,2023,
AFG,Afghanistan,2024,
AFG,Afghanistan,2025,
AGO,Angola,2010,91.9057203405018
AGO,Angola,2011,93.93475
AGO,Angola,2012,95.467955421311
AGO,Angola,2013,96.5182794791526
AGO,Angola,2014,98.3024168556335
AGO,Angola,2015,120.060701665019
AGO,Angola,2016,163.656434116579
AGO,Angola,2017,165.915950691498
AGO,Angola,2018,252.855747731297
AGO,Angola,2019,364.825804980887
AGO,Angola,2020,578.25878028011
AGO,Angola,2021,631.441955506727
AGO,Angola,2022,460.567511631462
AGO,Angola,2023,685.020237761449
AGO,Angola,2024,869.846189590008
AGO,Angola,2025,911.99303781631
ALB,Albania,2010,103.936666666667
ALB,Albania,2011,100.895833333333
ALB,Albania,2012,108.184166666667
ALB,Albania,2013,105.669166666667
ALB,Albania,2014,105.48
ALB,Albania,2015,125.961666666667
ALB,Albania,2016,124.1425
ALB,Albania,2017,119.1
ALB,Albania,2018,107.989166666667
ALB,Albania,2019,109.850833333333
ALB,Albania,2020,108.65
ALB,Albania,2021,103.52
ALB,Albania,2022,113.041666666667
ALB,Albania,2023,100.645
ALB,Albania,2024,93.1233333333333
ALB,Albania,2025,
ARE,United Arab Emirates,2010,3.6725
ARE,United Arab Emirates,2011,3.6725
ARE,United Arab Emirates,2012,3.6725
ARE,United Arab Emirates,2013,3.6725
ARE,United Arab Emirates,2014,3.6725
ARE,United Arab Emirates,2015,3.6725
ARE,United Arab Emirates,2016,3.6725
ARE,United Arab Emirates,2017,3.6725
ARE,United Arab Emirates,2018,3.6725
ARE,United Arab Emirates,2019,3.6725
ARE,United Arab Emirates,2020,3.6725
ARE,United Arab Emirates,2021,3.6725
ARE,United Arab Emirates,2022,3.6725
ARE,United Arab Emirates,2023,3.6725
ARE,United Arab Emirates,2024,3.6725
ARE,United Arab Emirates,2025,3.6725
ARG,Argentina,2010,3.8962951544705
ARG,Argentina,2011,4.11013957621326
ARG,Argentina,2012,4.53693436018746
ARG,Argentina,2013,5.45935266465704
ARG,Argentina,2014,8.07527599281334
ARG,Argentina,2015,9.23318552472429
ARG,Argentina,2016,14.7581750873396
ARG,Argentina,2017,16.5627069251411
ARG,Argentina,2018,28.0949916666667
ARG,Argentina,2019,48.1478916666667
ARG,Argentina,2020,70.5391666666667
ARG,Argentina,2021,94.9907416666667
ARG,Argentina,2022,130.61655
ARG,Argentina,2023,296.258041666667
ARG,Argentina,2024,914.694883333333
ARG,Argentina,2025,1240.85125
ARM,Armenia,2010,373.660466738817
ARM,Armenia,2011,372.500882448711
ARM,Armenia,2012,401.763975626916
ARM,Armenia,2013,409.625749270293
ARM,Armenia,2014,415.919789204938
ARM,Armenia,2015,477.918306576099
ARM,Armenia,2016,480.488150777966
ARM,Armenia,2017,482.716393849129
ARM,Armenia,2018,482.987946590235
ARM,Armenia,2019,480.44512876712
ARM,Armenia,2020,489.008858590915
ARM,Armenia,2021,503.769674961652
ARM,Armenia,2022,435.6661796523
ARM,Armenia,2023,392.476302158971
ARM,Armenia,2024,392.729551399084
ARM,Armenia,2025,387.010152166483
AUS,Australia,2010,1.09015948638677
AUS,Australia,2011,0.969463201496735
AUS,Australia,2012,0.965801030658708
AUS,Australia,2013,1.03584309652054
AUS,Australia,2014,1.10936329281692
AUS,Australia,2015,1.33109026245502
AUS,Australia,2016,1.34521397601947
AUS,Australia,2017,1.30475807671592
AUS,Australia,2018,1.33841214646451
AUS,Australia,2019,1.43850654421382
AUS,Australia,2020,1.45308511847016
AUS,Australia,2021,1.33122425957081
AUS,Australia,2022,1.44166445896522
AUS,Australia,2023,1.50519106560509
AUS,Australia,2024,1.51535803855596
AUS,Australia,2025,1.5519978866485
AUT,Austria,2010,0.754308990105961
AUT,Austria,2011,0.718413898653317
AUT,Austria,2012,0.778338120416812
AUT,Austria,2013,0.752945122701996
AUT,Austria,2014,0.752728196932603
AUT,Austria,2015,0.901296423367096
AUT,Austria,2016,0.903421436257263
AUT,Austria,2017,0.885205508269372
AUT,Austria,2018,0.846772667108111
AUT,Austria,2019,0.893276257067409
AUT,Austria,2020,0.875506396987998
AUT,Austria,2021,0.84549413889045
AUT,Austria,2022,0.949623753156941
AUT,Austria,2023,0.924839558470698
AUT,Austria,2024,0.923889546117607
AUT,Austria,2025,0.88496895841236
AZE,Azerbaijan,2010,0.80265
AZE,Azerbaijan,2011,0.789686388888889
AZE,Azerbaijan,2012,0.785645349462366
AZE,Azerbaijan,2013,0.784541075268817
AZE,Azerbaijan,2014,0.7843475
AZE,Azerbaijan,2015,1.02456381855059
AZE,Azerbaijan,2016,1.59572157270424
AZE,Azerbaijan,2017,1.72115480222734
AZE,Azerbaijan,2018,1.70001666666667
AZE,Azerbaijan,2019,1.7
AZE,Azerbaijan,2020,1.7
AZE,Azerbaijan,2021,1.7
AZE,Azerbaijan,2022,1.7
AZE,Azerbaijan,2023,1.7
AZE,Azerbaijan,2024,1.7
AZE,Azerbaijan,2025,1.7
BEL,Belgium,2010,0.754308990105961
BEL,Belgium,2011,0.718413898653317
BEL,Belgium,2012,0.778338120416812
BEL,Belgium,2013,0.752945122701996
BEL,Belgium,2014,0.752728196932603
BEL,Belgium,2015,0.901296423367096
BEL,Belgium,2016,0.903421436257263
BEL,Belgium,2017,0.885205508269372
BEL,Belgium,2018,0.846772667108111
BEL,Belgium,2019,0.893276257067409
BEL,Belgium,2020,0.875506396987998
BEL,Belgium,2021,0.84549413889045
BEL,Belgium,2022,0.949623753156941
BEL,Belgium,2023,0.924839558470698
BEL,Belgium,2024,0.923889546117607
BEL,Belgium,2025,0.88496895841236
BEN,Benin,2010,494.794262222936
BEN,Benin,2011,471.248625718934
BEN,Benin,2012,510.556338454251
BEN,Benin,2013,493.899623852233
BEN,Benin,2014,493.757329875319
BEN,Benin,2015,591.21169798261
BEN,Benin,2016,592.605615063006
BEN,Benin,2017,580.656749587853
BEN,Benin,2018,555.446458398235
BEN,Benin,2019,585.950813757166
BEN,Benin,2020,574.294549649056
BEN,Benin,2021,554.607798864163
BEN,Benin,2022,622.912348249567
BEN,Benin,2023,606.654982255763
BEN,Benin,2024,606.345297609063
BEN,Benin,2025,581.92848104034
BFA,Burkina Faso,2010,494.794262222947
BFA,Burkina Faso,2011,471.248625718937
BFA,Burkina Faso,2012,510.556338454251
BFA,Burkina Faso,2013,493.899623852237
BFA,Burkina Faso,2014,493.757329875312
BFA,Burkina Faso,2015,591.21169798261
BFA,Burkina Faso,2016,592.605615063022
BFA,Burkina Faso,2017,580.656749587858
BFA,Burkina Faso,2018,555.446458398226
BFA,Burkina Faso,2019,585.911013180369
BFA,Burkina Faso,2020,575.586004510945
BFA,Burkina Faso,2021,554.530675033104
BFA,Burkina Faso,2022,623.759700911182
BFA,Burkina Faso,2023,606.569750165917
BFA,Burkina Faso,2024,606.345297609063
BFA,Burkina Faso,2025,581.92848104034
BGD,Bangladesh,2010,69.6492916666667
BGD,Bangladesh,2011,74.1524
BGD,Bangladesh,2012,81.8626583333333
BGD,Bangladesh,2013,78.103235
BGD,Bangladesh,2014,77.6414083333333
BGD,Bangladesh,2015,77.9469083333333
BGD,Bangladesh,2016,78.4680916666667
BGD,Bangladesh,2017,80.4375416666667
BGD,Bangladesh,2018,83.4662019166666
BGD,Bangladesh,2019,84.4535225
BGD,Bangladesh,2020,84.8713916666667
BGD,Bangladesh,2021,85.08376325
BGD,Bangladesh,2022,91.7454544396961
BGD,Bangladesh,2023,106.309484297483
BGD,Bangladesh,2024,115.603653796648
BGD,Bangladesh,2025,121.920836605034
BGR,Bulgaria,2010,1.47739166666667
BGR,Bulgaria,2011,1.40645833333333
BGR,Bulgaria,2012,1.52205
BGR,Bulgaria,2013,1.47356666666667
BGR,Bulgaria,2014,1.47418333333333
BGR,Bulgaria,2015,1.7644
BGR,Bulgaria,2016,1.76804166666667
BGR,Bulgaria,2017,1.73545833333333
BGR,Bulgaria,2018,1.65704166666667
BGR,Bulgaria,2019,1.74704166666667
BGR,Bulgaria,2020,1.71633333333333
BGR,Bulgaria,2021,1.653775
BGR,Bulgaria,2022,1.86014166666667
BGR,Bulgaria,2023,1.80896666666667
BGR,Bulgaria,2024,1.80784166666667
BGR,Bulgaria,2025,1.73519166666667
BHR,Bahrain,2010,0.376
BHR,Bahrain,2011,0.376
BHR,Bahrain,2012,0.376
BHR,Bahrain,2013,0.376
BHR,Bahrain,2014,0.376
BHR,Bahrain,2015,0.376
BHR,Bahrain,2016,0.376
BHR,Bahrain,2017,0.376
BHR,Bahrain,2018,0.376
BHR,Bahrain,2019,0.376
BHR,Bahrain,2020,0.376
BHR,Bahrain,2021,0.376
BHR,Bahrain,2022,0.376
BHR,Bahrain,2023,0.376
BHR,Bahrain,2024,0.376
BHR,Bahrain,2025,0.376
BIH,Bosnia and Herzegovina,2010,1.47673956845028
BIH,Bosnia and Herzegovina,2011,1.40693658566639
BIH,Bosnia and Herzegovina,2012,1.5222099744513
BIH,Bosnia and Herzegovina,2013,1.47305132263235
BIH,Bosnia and Herzegovina,2014,1.474169186794
BIH,Bosnia and Herzegovina,2015,1.76349164694686
BIH,Bosnia and Herzegovina,2016,1.76813902429915
BIH,Bosnia and Herzegovina,2017,1.73535271327691
BIH,Bosnia and Herzegovina,2018,1.65698544113543
BIH,Bosnia and Herzegovina,2019,1.74708646136073
BIH,Bosnia and Herzegovina,2020,1.71697049519219
BIH,Bosnia and Herzegovina,2021,1.65360615435868
BIH,Bosnia and Herzegovina,2022,1.85932587706093
BIH,Bosnia and Herzegovina,2023,1.80920280030082
BIH,Bosnia and Herzegovina,2024,1.80756356165183
BIH,Bosnia and Herzegovina,2025,1.73592901689708
BLR,Belarus,2010,0.297851
BLR,Belarus,2011,0.497463333333333
BLR,Belarus,2012,0.833689833333333
BLR,Belarus,2013,0.88800525
BLR,Belarus,2014,1.02241025
BLR,Belarus,2015,1.59259883333333
BLR,Belarus,2016,1.98956283333333
BLR,Belarus,2017,1.93234166666667
BLR,Belarus,2018,2.03760833333333
BLR,Belarus,2019,2.09178333333333
BLR,Belarus,2020,2.439575
BLR,Belarus,2021,2.538675
BLR,Belarus,2022,2.6261
BLR,Belarus,2023,3.00735
BLR,Belarus,2024,3.24619166666667
BLR,Belarus,2025,3.069175
BLZ,Belize,2010,2.0
BLZ,Belize,2011,2.0
BLZ,Belize,2012,2.0
BLZ,Belize,2013,2.0
BLZ,Belize,2014,2.0
BLZ,Belize,2015,2.0
BLZ,Belize,2016,2.0
BLZ,Belize,2017,2.0
BLZ,Belize,2018,2.0
BLZ,Belize,2019,2.0
BLZ,Belize,2020,2.0
BLZ,Belize,2021,2.0
BLZ,Belize,2022,2.0
BLZ,Belize,2023,2.0
BLZ,Belize,2024,2.0
BLZ,Belize,2025,2.0
BOL,Bolivia,2010,7.01666666666667
BOL,Bolivia,2011,6.9369625
BOL,Bolivia,2012,6.91
BOL,Bolivia,2013,6.91
BOL,Bolivia,2014,6.91
BOL,Bolivia,2015,6.91
BOL,Bolivia,2016,6.91
BOL,Bolivia,2017,6.91
BOL,Bolivia,2018,6.91
BOL,Bolivia,2019,6.91
BOL,Bolivia,2020,6.91
BOL,Bolivia,2021,6.91
BOL,Bolivia,2022,6.91
BOL,Bolivia,2023,6.91
BOL,Bolivia,2024,6.91
BOL,Bolivia,2025,6.91
BRA,Brazil,2010,1.75922671058718
BRA,Brazil,2011,1.67282875525659
BRA,Brazil,2012,1.95306861112487
BRA,Brazil,2013,2.15608915126311
BRA,Brazil,2014,2.35295196276669
BRA,Brazil,2015,3.32690438276879
BRA,Brazil,2016,3.49131342157271
BRA,Brazil,2017,3.19138944630048
BRA,Brazil,2018,3.65382536145755
BRA,Brazil,2019,3.9444710972507
BRA,Brazil,2020,5.15517878751281
BRA,Brazil,2021,5.39440078962503
BRA,Brazil,2022,5.16397029102111
BRA,Brazil,2023,4.99437976287199
BRA,Brazil,2024,5.3889349057096
BRA,Brazil,2025,5.58728623856661
BRN,Brunei Darussalam,2010,1.36350947368421
BRN,Brunei Darussalam,2011,1.25791302014692
BRN,Brunei Darussalam,2012,1.24956701649958
BRN,Brunei Darussalam,2013,1.25116566976059
BRN,Brunei Darussalam,2014,1.2670401230814
BRN,Brunei Darussalam,2015,1.37491084459887
BRN,Brunei Darussalam,2016,1.38134687688286
BRN,Brunei Darussalam,2017,1.38089116405281
BRN,Brunei Darussalam,2018,1.34891856542537
BRN,Brunei Darussalam,2019,1.36421851405475
BRN,Brunei Darussalam,2020,1.37970342971399
BRN,Brunei Darussalam,2021,1.34380696297339
BRN,Brunei Darussalam,2022,1.37895639652216
BRN,Brunei Darussalam,2023,1.34307960114934
BRN,Brunei Darussalam,2024,1.33603327650724
BRN,Brunei Darussalam,2025,1.307595108858
BTN,Bhutan,2010,45.7258121212121
BTN,Bhutan,2011,46.6704666666667
BTN,Bhutan,2012,53.4372333333333
BTN,Bhutan,2013,58.5978454166667
BTN,Bhutan,2014,61.0295144607843
BTN,Bhutan,2015,64.1519444632786
BTN,Bhutan,2016,67.1953128073894
BTN,Bhutan,2017,65.1215686450659
BTN,Bhutan,2018,68.3894670935422
BTN,Bhutan,2019,70.4203405359551
BTN,Bhutan,2020,74.0995668836052
BTN,Bhutan,2021,73.9180128154351
BTN,Bhutan,2022,78.6044905829916
BTN,Bhutan,2023,82.5992764460784
BTN,Bhutan,2024,83.669281580941
BTN,Bhutan,2025,87.1584483507393
BWA,Botswana,2010,6.793625
BWA,Botswana,2011,6.83823333333333
BWA,Botswana,2012,7.640525
BWA,Botswana,2013,8.39890833333333
BWA,Botswana,2014,8.97608333333333
BWA,Botswana,2015,10.1289916666667
BWA,Botswana,2016,10.9011583333333
BWA,Botswana,2017,10.3474166666667
BWA,Botswana,2018,10.199975
BWA,Botswana,2019,10.7558666666667
BWA,Botswana,2020,11.4562416666667
BWA,Botswana,2021,11.0872583333333
BWA,Botswana,2022,12.3688083333333
BWA,Botswana,2023,13.5963833333333
BWA,Botswana,2024,13.5631333333333
BWA,Botswana,2025,13.5023833333333
CAN,Canada,2010,1.03011273517598
CAN,Canada,2011,0.989258158636364
CAN,Canada,2012,0.999364743593074
CAN,Canada,2013,1.03013736373016
CAN,Canada,2014,1.10474713237886
CAN,Canada,2015,1.27878620362554
CAN,Canada,2016,1.3256151637482
CAN,Canada,2017,1.29793584646039
CAN,Canada,2018,1.29581792813534
CAN,Canada,2019,1.32679336266012
CAN,Canada,2020,1.34115267222386
CAN,Canada,2021,1.2538769021268
CAN,Canada,2022,1.30155477474355
CAN,Canada,2023,1.3499086407939
CAN,Canada,2024,1.36935976604092
CAN,Canada,2025,1.39810565893901
CHE,Switzerland,2010,1.04290564573352
CHE,Switzerland,2011,0.888042028223281
CHE,Switzerland,2012,0.937684480709349
CHE,Switzerland,2013,0.926903547758285
CHE,Switzerland,2014,0.916151047283613
CHE,Switzerland,2015,0.962381328004354
CHE,Switzerland,2016,0.985394394244835
CHE,Switzerland,2017,0.984691666666667
CHE,Switzerland,2018,0.977891666666667
CHE,Switzerland,2019,0.993709166666667
CHE,Switzerland,2020,0.938965
CHE,Switzerland,2021,0.913845833333333
CHE,Switzerland,2022,0.9548325
CHE,Switzerland,2023,0.89849
CHE,Switzerland,2024,0.880440833333333
CHE,Switzerland,2025,0.831355833333334
CHL,Chile,2010,510.249166666667
CHL,Chile,2011,483.6675
CHL,Chile,2012,486.471303391053
CHL,Chile,2013,495.272877645503
CHL,Chile,2014,570.34821612744
CHL,Chile,2015,654.124084254196
CHL,Chile,2016,676.957736044657
CHL,Chile,2017,648.833792598261
CHL,Chile,2018,641.276813066395
CHL,Chile,2019,702.897422561529
CHL,Chile,2020,792.727206103169
CHL,Chile,2021,758.955378658977
CHL,Chile,2022,873.314189543014
CHL,Chile,2023,840.066526651499
CHL,Chile,2024,943.572167421488
CHL,Chile,2025,951.329454191033
CHN,China,2010,6.77026902870939
CHN,China,2011,6.46146132655007
CHN,China,2012,6.31233282683186
CHN,China,2013,6.19575834608231
CHN,China,2014,6.14343409448867
CHN,China,2015,6.22748867298455
CHN,China,2016,6.6444778294468
CHN,China,2017,6.75875508633597
CHN,China,2018,6.61595717735439
CHN,China,2019,6.90838500992901
CHN,China,2020,6.90076726944925
CHN,China,2021,6.44897518024316
CHN,China,2022,6.73715811237119
CHN,China,2023,7.08399842343631
CHN,China,2024,7.19749110789917
CHN,China,2025,7.18984737402171
CIV,Cote d'Ivoire,2010,494.794262222947
CIV,Cote d'Ivoire,2011,471.248625718937
CIV,Cote d'Ivoire,2012,510.556338454251
CIV,Cote d'Ivoire,2013,493.899623852237
CIV,Cote d'Ivoire,2014,493.757329875312
CIV,Cote d'Ivoire,2015,591.21169798261
CIV,Cote d'Ivoire,2016,592.605615063022
CIV,Cote d'Ivoire,2017,580.656749587858
CIV,Cote d'Ivoire,2018,555.446458398226
CIV,Cote d'Ivoire,2019,585.911013180369
CIV,Cote d'Ivoire,2020,575.586004510945
CIV,Cote d'Ivoire,2021,554.530675033104
CIV,Cote d'Ivoire,2022,623.759700911182
CIV,Cote d'Ivoire,2023,606.569750165917
CIV,Cote d'Ivoire,2024,606.345297609063
CIV,Cote d'Ivoire,2025,581.92848104034
CMR,Cameroon,2010,494.794262222947
CMR,Cameroon,2011,471.248625718937
CMR,Cameroon,2012,510.556338454251
CMR,Cameroon,2013,493.899623852237
CMR,Cameroon,2014,493.757329875312
CMR,Cameroon,2015,591.21169798261
CMR,Cameroon,2016,592.605615063022
CMR,Cameroon,2017,580.656749587858
CMR,Cameroon,2018,555.446458398226
CMR,Cameroon,2019,585.911013180369
CMR,Cameroon,2020,575.586004510945
CMR,Cameroon,2021,554.530675033104
CMR,Cameroon,2022,623.759700911182
CMR,Cameroon,2023,606.569750165917
CMR,Cameroon,2024,606.345297609063
CMR,Cameroon,2025,581.92848104034
COD,"Congo, Dem. Rep.",2010,905.913458333333
COD,"Congo, Dem. Rep.",2011,919.4913
COD,"Congo, Dem. Rep.",2012,919.755016666667
COD,"Congo, Dem. Rep.",2013,919.565907354881
COD,"Congo, Dem. Rep.",2014,925.226282531997
COD,"Congo, Dem. Rep.",2015,925.984961280393
COD,"Congo, Dem. Rep.",2016,1010.30275716866
COD,"Congo, Dem. Rep.",2017,1464.41793163743
COD,"Congo, Dem. Rep.",2018,1622.52350162292
COD,"Congo, Dem. Rep.",2019,1647.76012727639
COD,"Congo, Dem. Rep.",2020,1851.12216183261
COD,"Congo, Dem. Rep.",2021,1989.39147122828
COD,"Congo, Dem. Rep.",2022,2006.70821944055
COD,"Congo, Dem. Rep.",2023,2340.03570436145
COD,"Congo, Dem. Rep.",2024,
COD,"Congo, Dem. Rep.",2025,2693.24060103248
COG,"Congo, Rep.",2010,494.794262222947
COG,"Congo, Rep.",2011,471.248625718937
COG,"Congo, Rep.",2012,510.556338454251
COG,"Congo, Rep.",2013,493.899623852237
COG,"Congo, Rep.",2014,493.757329875312
COG,"Congo, Rep.",2015,591.21169798261
COG,"Congo, Rep.",2016,592.605615063022
COG,"Congo, Rep.",2017,580.656749587858
COG,"Congo, Rep.",2018,555.446458398226
COG,"Congo, Rep.",2019,585.911013180369
COG,"Congo, Rep.",2020,575.586004510945
COG,"Congo, Rep.",2021,554.530675033104
COG,"Congo, Rep.",2022,623.759700911182
COG,"Congo, Rep.",2023,606.569750165917
COG,"Congo, Rep.",2024,606.345297609063
COG,"Congo, Rep.",2025,581.92848104034
COL,Colombia,2010,1898.9975
COL,Colombia,2011,1848.01666666667
COL,Colombia,2012,1798.01166666667
COL,Colombia,2013,1868.895
COL,Colombia,2014,2001.105
COL,Colombia,2015,2741.78166666667
COL,Colombia,2016,3055.255
COL,Colombia,2017,2951.48691120161
COL,Colombia,2018,2955.70396997842
COL,Colombia,2019,3281.62219381788
COL,Colombia,2020,3693.27583333333
COL,Colombia,2021,3744.24416666667
COL,Colombia,2022,4256.19416666667
COL,Colombia,2023,4325.955
COL,Colombia,2024,4074.43416666667
COL,Colombia,2025,4053.13583333333
CRI,Costa Rica,2010,525.829200716846
CRI,Costa Rica,2011,505.664239919355
CRI,Costa Rica,2012,502.901461981567
CRI,Costa Rica,2013,499.766832565284
CRI,Costa Rica,2014,538.317200279058
CRI,Costa Rica,2015,534.565769969278
CRI,Costa Rica,2016,544.73936722902
CRI,Costa Rica,2017,567.51309030978
CRI,Costa Rica,2018,576.97250124808
CRI,Costa Rica,2019,587.294595686124
CRI,Costa Rica,2020,584.900854962304
CRI,Costa Rica,2021,620.784720014081
CRI,Costa Rica,2022,647.135817631363
CRI,Costa Rica,2023,544.050775505632
CRI,Costa Rica,2024,515.109771921403
CRI,Costa Rica,2025,503.496832373272
CUB,Cuba,2010,
CUB,Cuba,2011,
CUB,Cuba,2012,
CUB,Cuba,2013,
CUB,Cuba,2014,
CUB,Cuba,2015,
CUB,Cuba,2016,
CUB,Cuba,2017,
CUB,Cuba,2018,
CUB,Cuba,2019,
CUB,Cuba,2020,
CUB,Cuba,2021,
CUB,Cuba,2022,
CUB,Cuba,2023,
CUB,Cuba,2024,
CUB,Cuba,2025,
CZE,Czechia,2010,19.09825
CZE,Czechia,2011,17.6959166666667
CZE,Czechia,2012,19.5775
CZE,Czechia,2013,19.5705833333333
CZE,Czechia,2014,20.7575
CZE,Czechia,2015,24.59875
CZE,Czechia,2016,24.4399166666667
CZE,Czechia,2017,23.3763333333333
CZE,Czechia,2018,21.7299166666667
CZE,Czechia,2019,22.93225
CZE,Czechia,2020,23.21025
CZE,Czechia,2021,21.6781666666667
CZE,Czechia,2022,23.357
CZE,Czechia,2023,22.1980833333333
CZE,Czechia,2024,23.2168333333333
CZE,Czechia,2025,21.882
DEU,Germany,2010,0.754308990105961
DEU,Germany,2011,0.718413898653317
DEU,Germany,2012,0.778338120416812
DEU,Germany,2013,0.752945122701996
DEU,Germany,2014,0.752728196932603
DEU,Germany,2015,0.901296423367096
DEU,Germany,2016,0.903421436257263
DEU,Germany,2017,0.885205508269372
DEU,Germany,2018,0.846772667108111
DEU,Germany,2019,0.893276257067409
DEU,Germany,2020,0.875506396987998
DEU,Germany,2021,0.84549413889045
DEU,Germany,2022,0.949623753156941
DEU,Germany,2023,0.924839558470698
DEU,Germany,2024,0.923889546117607
DEU,Germany,2025,0.88496895841236
DNK,Denmark,2010,5.624075
DNK,Denmark,2011,5.36871153508772
DNK,Denmark,2012,5.79247553703916
DNK,Denmark,2013,5.61631168617622
DNK,Denmark,2014,5.61246666666667
DNK,Denmark,2015,6.72790683129629
DNK,Denmark,2016,6.73171825724638
DNK,Denmark,2017,6.60289346561404
DNK,Denmark,2018,6.31461878666667
DNK,Denmark,2019,6.669446615
DNK,Denmark,2020,6.54215220416667
DNK,Denmark,2021,6.2871130825
DNK,Denmark,2022,7.0761518625
DNK,Denmark,2023,6.88970258583334
DNK,Denmark,2024,6.89448141666666
DNK,Denmark,2025,6.62182508333333
DOM,Dominican Republic,2010,36.8212918670815
DOM,Dominican Republic,2011,38.0875848668099
DOM,Dominican Republic,2012,39.3203008432258
DOM,Dominican Republic,2013,41.7945034252297
DOM,Dominican Republic,2014,43.5496726190476
DOM,Dominican Republic,2015,45.0454990740741
DOM,Dominican Republic,2016,46.0644439393939
DOM,Dominican Republic,2017,47.5343581962482
DOM,Dominican Republic,2018,49.5099928571429
DOM,Dominican Republic,2019,51.2948583333333
DOM,Dominican Republic,2020,56.5245333333334
DOM,Dominican Republic,2021,57.2211166666667
DOM,Dominican Republic,2022,55.1409916666667
DOM,Dominican Republic,2023,56.1576
DOM,Dominican Republic,2024,59.5651333333333
DOM,Dominican Republic,2025,61.9865666666667
DZA,Algeria,2010,74.3859833333333
DZA,Algeria,2011,72.9378833333333
DZA,Algeria,2012,77.5359666666667
DZA,Algeria,2013,79.3684
DZA,Algeria,2014,80.5790166666667
DZA,Algeria,2015,100.691433333333
DZA,Algeria,2016,109.443066666667
DZA,Algeria,2017,110.973016666667
DZA,Algeria,2018,116.593791666667
DZA,Algeria,2019,119.353558333333
DZA,Algeria,2020,126.7768
DZA,Algeria,2021,135.064058333333
DZA,Algeria,2022,141.994975
DZA,Algeria,2023,135.842933333333
DZA,Algeria,2024,134.053241666667
DZA,Algeria,2025,131.605925
ECU,Ecuador,2010,1.0
ECU,Ecuador,2011,1.0
ECU,Ecuador,2012,1.0
ECU,Ecuador,2013,1.0
ECU,Ecuador,2014,1.0
ECU,Ecuador,2015,1.0
ECU,Ecuador,2016,1.0
ECU,Ecuador,2017,1.0
ECU,Ecuador,2018,1.0
ECU,Ecuador,2019,1.0
ECU,Ecuador,2020,1.0
ECU,Ecuador,2021,1.0
ECU,Ecuador,2022,1.0
ECU,Ecuador,2023,1.0
ECU,Ecuador,2024,1.0
ECU,Ecuador,2025,1.0
EGY,"Egypt, Arab Rep.",2010,5.6219429176105
EGY,"Egypt, Arab Rep.",2011,5.93282765151515
EGY,"Egypt, Arab Rep.",2012,6.05605833333333
EGY,"Egypt, Arab Rep.",2013,6.870325
EGY,"Egypt, Arab Rep.",2014,7.07760856060606
EGY,"Egypt, Arab Rep.",2015,7.69125833333333
EGY,"Egypt, Arab Rep.",2016,10.0254007885465
EGY,"Egypt, Arab Rep.",2017,17.7825335150636
EGY,"Egypt, Arab Rep.",2018,17.7672904218107
EGY,"Egypt, Arab Rep.",2019,16.7705818428763
EGY,"Egypt, Arab Rep.",2020,15.7591729166667
EGY,"Egypt, Arab Rep.",2021,15.6445272777113
EGY,"Egypt, Arab Rep.",2022,19.1604397412204
EGY,"Egypt, Arab Rep.",2023,30.6264136980311
EGY,"Egypt, Arab Rep.",2024,45.29926
EGY,"Egypt, Arab Rep.",2025,49.2277558333333
ESP,Spain,2010,0.754308990105961
ESP,Spain,2011,0.718413898653317
ESP,Spain,2012,0.778338120416812
ESP,Spain,2013,0.752945122701996
ESP,Spain,2014,0.752728196932603
ESP,Spain,2015,0.901296423367096
ESP,Spain,2016,0.903421436257263
ESP,Spain,2017,0.885205508269372
ESP,Spain,2018,0.846772667108111
ESP,Spain,2019,0.893276257067409
ESP,Spain,2020,0.875506396987998
ESP,Spain,2021,0.84549413889045
ESP,Spain,2022,0.949623753156941
ESP,Spain,2023,0.924839558470698
ESP,Spain,2024,0.923889546117607
ESP,Spain,2025,0.88496895841236
EST,Estonia,2010,11.8068482348947
EST,Estonia,2011,0.718413898653317
EST,Estonia,2012,0.778338120416812
EST,Estonia,2013,0.752945122701996
EST,Estonia,2014,0.752728196932603
EST,Estonia,2015,0.901296423367096
EST,Estonia,2016,0.903421436257263
EST,Estonia,2017,0.885205508269372
EST,Estonia,2018,0.846772667108111
EST,Estonia,2019,0.893276257067409
EST,Estonia,2020,0.875506396987998
EST,Estonia,2021,0.84549413889045
EST,Estonia,2022,0.949623753156941
EST,Estonia,2023,0.924839558470698
EST,Estonia,2024,0.923889546117607
EST,Estonia,2025,0.88496895841236
ETH,Ethiopia,2010,14.4095898080066
ETH,Ethiopia,2011,16.8992257595275
ETH,Ethiopia,2012,17.7047613782674
ETH,Ethiopia,2013,18.6266289575478
ETH,Ethiopia,2014,19.585789907695
ETH,Ethiopia,2015,20.57684875
ETH,Ethiopia,2016,21.7315472222222
ETH,Ethiopia,2017,23.8661044574125
ETH,Ethiopia,2018,27.4293865941667
ETH,Ethiopia,2019,29.06975
ETH,Ethiopia,2020,34.9271654040404
ETH,Ethiopia,2021,43.73377831884
ETH,Ethiopia,2022,51.7562150334169
ETH,Ethiopia,2023,54.6009480676569
ETH,Ethiopia,2024,82.6013363504764
ETH,Ethiopia,2025,
FIN,Finland,2010,0.754308990105961
FIN,Finland,2011,0.718413898653317
FIN,Finland,2012,0.778338120416812
FIN,Finland,2013,0.752945122701996
FIN,Finland,2014,0.752728196932603
FIN,Finland,2015,0.901296423367096
FIN,Finland,2016,0.903421436257263
FIN,Finland,2017,0.885205508269372
FIN,Finland,2018,0.846772667108111
FIN,Finland,2019,0.893276257067409
FIN,Finland,2020,0.875506396987998
FIN,Finland,2021,0.84549413889045
FIN,Finland,2022,0.949623753156941
FIN,Finland,2023,0.924839558470698
FIN,Finland,2024,0.923889546117607
FIN,Finland,2025,0.88496895841236
FJI,Fiji,2010,1.91850867822547
FJI,Fiji,2011,1.79088383126012
FJI,Fiji,2012,1.78989281741094
FJI,Fiji,2013,1.84147661706532
FJI,Fiji,2014,1.88734535831922
FJI,Fiji,2015,2.09762981633101
FJI,Fiji,2016,2.09469593918508
FJI,Fiji,2017,2.06687530381454
FJI,Fiji,2018,2.08737978924997
FJI,Fiji,2019,2.16039311531464
FJI,Fiji,2020,2.16880492424242
FJI,Fiji,2021,2.07063333333333
FJI,Fiji,2022,2.2014069869585
FJI,Fiji,2023,2.250125
FJI,Fiji,2024,2.2683
FJI,Fiji,2025,2.29903333333333
FRA,France,2010,0.754308990105961
FRA,France,2011,0.718413898653317
FRA,France,2012,0.778338120416812
FRA,France,2013,0.752945122701996
FRA,France,2014,0.752728196932603
FRA,France,2015,0.901296423367096
FRA,France,2016,0.903421436257263
FRA,France,2017,0.885205508269372
FRA,France,2018,0.846772667108111
FRA,France,2019,0.893276257067409
FRA,France,2020,0.875506396987998
FRA,France,2021,0.84549413889045
FRA,France,2022,0.949623753156941
FRA,France,2023,0.924839558470698
FRA,France,2024,0.923889546117607
FRA,France,2025,0.88496895841236
FSM,"Micronesia, Fed. Sts.",2010,1.0
FSM,"Micronesia, Fed. Sts.",2011,1.0
FSM,"Micronesia, Fed. Sts.",2012,1.0
FSM,"Micronesia, Fed. Sts.",2013,1.0
FSM,"Micronesia, Fed. Sts.",2014,1.0
FSM,"Micronesia, Fed. Sts.",2015,1.0
FSM,"Micronesia, Fed. Sts.",2016,1.0
FSM,"Micronesia, Fed. Sts.",2017,1.0
FSM,"Micronesia, Fed. Sts.",2018,1.0
FSM,"Micronesia, Fed. Sts.",2019,1.0
FSM,"Micronesia, Fed. Sts.",2020,1.0
FSM,"Micronesia, Fed. Sts.",2021,1.0
FSM,"Micronesia, Fed. Sts.",2022,1.0
FSM,"Micronesia, Fed. Sts.",2023,1.0
FSM,"Micronesia, Fed. Sts.",2024,1.0
FSM,"Micronesia, Fed. Sts.",2025,1.0
GAB,Gabon,2010,494.794262222947
GAB,Gabon,2011,471.248625718937
GAB,Gabon,2012,510.556338454251
GAB,Gabon,2013,493.899623852237
GAB,Gabon,2014,493.757329875312
GAB,Gabon,2015,591.21169798261
GAB,Gabon,2016,592.605615063022
GAB,Gabon,2017,580.656749587858
GAB,Gabon,2018,555.446458398226
GAB,Gabon,2019,585.911013180369
GAB,Gabon,2020,575.586004510945
GAB,Gabon,2021,554.530675033104
GAB,Gabon,2022,623.759700911182
GAB,Gabon,2023,606.569750165917
GAB,Gabon,2024,606.345297609063
GAB,Gabon,2025,581.92848104034
GEO,Georgia,2010,1.78234166666667
GEO,Georgia,2011,1.68649543010753
GEO,Georgia,2012,1.65125833333333
GEO,Georgia,2013,1.66335
GEO,Georgia,2014,1.76566666666667
GEO,Georgia,2015,2.26934166666667
GEO,Georgia,2016,2.366725
GEO,Georgia,2017,2.50954166666667
GEO,Georgia,2018,2.53411083333333
GEO,Georgia,2019,2.818145
GEO,Georgia,2020,3.10901666666667
GEO,Georgia,2021,3.22155833333333
GEO,Georgia,2022,2.9162
GEO,Georgia,2023,2.62795833333333
GEO,Georgia,2024,2.72061666666667
GEO,Georgia,2025,2.74264166666667
GHA,Ghana,2010,1.42998333333333
GHA,Ghana,2011,1.520625
GHA,Ghana,2012,1.82486666666667
GHA,Ghana,2013,1.98135
GHA,Ghana,2014,2.896575
GHA,Ghana,2015,3.71464166666667
GHA,Ghana,2016,3.90981666666667
GHA,Ghana,2017,4.35053333333333
GHA,Ghana,2018,4.585325
GHA,Ghana,2019,5.21736666666667
GHA,Ghana,2020,5.59570833333333
GHA,Ghana,2021,5.8057
GHA,Ghana,2022,8.2724
GHA,Ghana,2023,11.0204083333333
GHA,Ghana,2024,14.1819416666667
GHA,Ghana,2025,12.556825
GIN,Guinea,2010,5726.07102083333
GIN,Guinea,2011,6658.03125833333
GIN,Guinea,2012,6985.82902633333
GIN,Guinea,2013,6907.8780695
GIN,Guinea,2014,7014.11877725
GIN,Guinea,2015,7485.51674166667
GIN,Guinea,2016,8967.92707958333
GIN,Guinea,2017,9088.31949623166
GIN,Guinea,2018,9011.13417725194
GIN,Guinea,2019,9183.87586390984
GIN,Guinea,2020,9565.08218343833
GIN,Guinea,2021,
GIN,Guinea,2022,
GIN,Guinea,2023,
GIN,Guinea,2024,
GIN,Guinea,2025,
GRC,Greece,2010,0.754308990105961
GRC,Greece,2011,0.718413898653317
GRC,Greece,2012,0.778338120416812
GRC,Greece,2013,0.752945122701996
GRC,Greece,2014,0.752728196932603
GRC,Greece,2015,0.901296423367096
GRC,Greece,2016,0.903421436257263
GRC,Greece,2017,0.885205508269372
GRC,Greece,2018,0.846772667108111
GRC,Greece,2019,0.893276257067409
GRC,Greece,2020,0.875506396987998
GRC,Greece,2021,0.84549413889045
GRC,Greece,2022,0.949623753156941
GRC,Greece,2023,0.924839558470698
GRC,Greece,2024,0.923889546117607
GRC,Greece,2025,0.88496895841236
GTM,Guatemala,2010,8.05777083333333
GTM,Guatemala,2011,7.78541833333334
GTM,Guatemala,2012,7.83360541666667
GTM,Guatemala,2013,7.85681375
GTM,Guatemala,2014,7.73223333333333
GTM,Guatemala,2015,7.654815
GTM,Guatemala,2016,7.59993708333333
GTM,Guatemala,2017,7.34793875
GTM,Guatemala,2018,7.51916458333333
GTM,Guatemala,2019,7.69669833333333
GTM,Guatemala,2020,7.72165
GTM,Guatemala,2021,7.73438833333333
GTM,Guatemala,2022,7.74824375
GTM,Guatemala,2023,7.83197416666667
GTM,Guatemala,2024,7.7585375
GTM,Guatemala,2025,7.68012458333333
GUY,Guyana,2010,203.635833333333
GUY,Guyana,2011,204.0175
GUY,Guyana,2012,204.358333333333
GUY,Guyana,2013,205.394166666667
GUY,Guyana,2014,206.449166666667
GUY,Guyana,2015,206.5
GUY,Guyana,2016,206.5
GUY,Guyana,2017,206.5
GUY,Guyana,2018,207.716666666667
GUY,Guyana,2019,208.5
GUY,Guyana,2020,208.5
GUY,Guyana,2021,208.5
GUY,Guyana,2022,208.5
GUY,Guyana,2023,208.5
GUY,Guyana,2024,208.5
GUY,Guyana,2025,208.5
HND,Honduras,2010,18.8951
HND,Honduras,2011,18.9171416666667
HND,Honduras,2012,19.5022495121615
HND,Honduras,2013,20.3537791666667
HND,Honduras,2014,20.9871583333333
HND,Honduras,2015,21.945175
HND,Honduras,2016,22.835018390426
HND,Honduras,2017,23.4870839434552
HND,Honduras,2018,23.9027282925432
HND,Honduras,2019,24.5085389148926
HND,Honduras,2020,24.5818805172846
HND,Honduras,2021,24.0166553242681
HND,Honduras,2022,24.4858737291131
HND,Honduras,2023,24.6016468236818
HND,Honduras,2024,24.7992824415521
HND,Honduras,2025,25.9526748179551
HRV,Croatia,2010,5.49801058333333
HRV,Croatia,2011,5.34386975
HRV,Croatia,2012,5.85029183333333
HRV,Croatia,2013,5.70488016666667
HRV,Croatia,2014,5.74816541666667
HRV,Croatia,2015,6.85830375
HRV,Croatia,2016,6.80599016666667
HRV,Croatia,2017,6.623831
HRV,Croatia,2018,6.27902525
HRV,Croatia,2019,6.62254516666667
HRV,Croatia,2020,6.6140555
HRV,Croatia,2021,6.36008316666667
HRV,Croatia,2022,7.1597415
HRV,Croatia,2023,0.924839558470698
HRV,Croatia,2024,0.923889546117607
HRV,Croatia,2025,0.88496895841236
HTI,Haiti,2010,39.7974
HTI,Haiti,2011,40.5228219393745
HTI,Haiti,2012,41.9497229523156
HTI,Haiti,2013,43.4627833333333
HTI,Haiti,2014,45.2159808923792
HTI,Haiti,2015,50.7064266739439
HTI,Haiti,2016,63.3358183698924
HTI,Haiti,2017,64.7696802849928
HTI,Haiti,2018,68.0317539812812
HTI,Haiti,2019,88.8149661769193
HTI,Haiti,2020,93.5098072136213
HTI,Haiti,2021,89.2266365116304
HTI,Haiti,2022,115.630715521746
HTI,Haiti,2023,141.035912702189
HTI,Haiti,2024,131.810991666667
HTI,Haiti,2025,130.626409210526
HUN,Hungary,2010,207.944166666667
HUN,Hungary,2011,201.055
HUN,Hungary,2012,225.104166666667
HUN,Hungary,2013,223.695
HUN,Hungary,2014,232.601666666667
HUN,Hungary,2015,279.3325
HUN,Hungary,2016,281.523333333333
HUN,Hungary,2017,274.433333333333
HUN,Hungary,2018,270.211666666667
HUN,Hungary,2019,290.66
HUN,Hungary,2020,307.996666666667
HUN,Hungary,2021,303.140833333333
HUN,Hungary,2022,372.595833333333
HUN,Hungary,2023,353.088333333333
HUN,Hungary,2024,365.690833333333
HUN,Hungary,2025,353.14
IDN,Indonesia,2010,9090.43333333333
IDN,Indonesia,2011,8770.43333333333
IDN,Indonesia,2012,9386.62916666667
IDN,Indonesia,2013,10461.24
IDN,Indonesia,2014,11865.2112962963
IDN,Indonesia,2015,13389.4129365079
IDN,Indonesia,2016,13308.3268020542
IDN,Indonesia,2017,13380.8338788891
IDN,Indonesia,2018,14236.9387734818
IDN,Indonesia,2019,14147.6713605454
IDN,Indonesia,2020,14582.2034678177
IDN,Indonesia,2021,14308.1439011897
IDN,Indonesia,2022,14849.8539362105
IDN,Indonesia,2023,15236.8846620506
IDN,Indonesia,2024,15855.4482866711
IDN,Indonesia,2025,16477.8651797836
IND,India,2010,45.7258121212121
IND,India,2011,46.6704666666667
IND,India,2012,53.4372333333333
IND,India,2013,58.5978454166667
IND,India,2014,61.0295144607843
IND,India,2015,64.1519444632786
IND,India,2016,67.1953128073894
IND,India,2017,65.1215686450659
IND,India,2018,68.3894670935422
IND,India,2019,70.4203405359551
IND,India,2020,74.0995668836052
IND,India,2021,73.9180128154351
IND,India,2022,78.6044905829916
IND,India,2023,82.5992764460784
IND,India,2024,83.669281580941
IND,India,2025,87.1584483507393
IRL,Ireland,2010,0.754308990105961
IRL,Ireland,2011,0.718413898653317
IRL,Ireland,2012,0.778338120416812
IRL,Ireland,2013,0.752945122701996
IRL,Ireland,2014,0.752728196932603
IRL,Ireland,2015,0.901296423367096
IRL,Ireland,2016,0.903421436257263
IRL,Ireland,2017,0.885205508269372
IRL,Ireland,2018,0.846772667108111
IRL,Ireland,2019,0.893276257067409
IRL,Ireland,2020,0.875506396987998
IRL,Ireland,2021,0.84549413889045
IRL,Ireland,2022,0.949623753156941
IRL,Ireland,2023,0.924839558470698
IRL,Ireland,2024,0.923889546117607
IRL,Ireland,2025,0.88496895841236
IRN,"Iran, Islamic Rep.",2010,10254.176470289
IRN,"Iran, Islamic Rep.",2011,10616.3066439076
IRN,"Iran, Islamic Rep.",2012,12175.5472222222
IRN,"Iran, Islamic Rep.",2013,18414.4480100374
IRN,"Iran, Islamic Rep.",2014,25941.6641445972
IRN,"Iran, Islamic Rep.",2015,29011.4913770529
IRN,"Iran, Islamic Rep.",2016,30914.8524362967
IRN,"Iran, Islamic Rep.",2017,33226.2981524127
IRN,"Iran, Islamic Rep.",2018,40864.329009777
IRN,"Iran, Islamic Rep.",2019,42000.0
IRN,"Iran, Islamic Rep.",2020,42000.0
IRN,"Iran, Islamic Rep.",2021,42000.0
IRN,"Iran, Islamic Rep.",2022,42000.0
IRN,"Iran, Islamic Rep.",2023,42000.0
IRN,"Iran, Islamic Rep.",2024,
IRN,"Iran, Islamic Rep.",2025,
IRQ,Iraq,2010,1170.0
IRQ,Iraq,2011,1170.0
IRQ,Iraq,2012,1166.16666666667
IRQ,Iraq,2013,1166.0
IRQ,Iraq,2014,1166.0
IRQ,Iraq,2015,1167.33333333333
IRQ,Iraq,2016,1182.0
IRQ,Iraq,2017,1184.0
IRQ,Iraq,2018,1182.75
IRQ,Iraq,2019,1182.0
IRQ,Iraq,2020,1192.0
IRQ,Iraq,2021,1450.0
IRQ,Iraq,2022,1450.0
IRQ,Iraq,2023,1312.5
IRQ,Iraq,2024,1300.0
IRQ,Iraq,2025,
ISL,Iceland,2010,122.241811205165
ISL,Iceland,2011,115.954039762284
ISL,Iceland,2012,125.082787013769
ISL,Iceland,2013,122.179121320458
ISL,Iceland,2014,116.767352506899
ISL,Iceland,2015,131.918708431432
ISL,Iceland,2016,120.811548065239
ISL,Iceland,2017,106.839572014
ISL,Iceland,2018,108.300176306626
ISL,Iceland,2019,122.606773601907
ISL,Iceland,2020,135.421711629205
ISL,Iceland,2021,126.988860204557
ISL,Iceland,2022,135.27990200138
ISL,Iceland,2023,137.942952429967
ISL,Iceland,2024,137.958025978154
ISL,Iceland,2025,128.441487054951
ISR,Israel,2010,3.738975
ISR,Israel,2011,3.5781293062201
ISR,Israel,2012,3.85592182539683
ISR,Israel,2013,3.61075833333333
ISR,Israel,2014,3.577925
ISR,Israel,2015,3.88683333333333
ISR,Israel,2016,3.84056666666667
ISR,Israel,2017,3.59955554812834
ISR,Israel,2018,3.59055812689938
ISR,Israel,2019,3.56452734661093
ISR,Israel,2020,3.44240585198793
ISR,Israel,2021,3.23019832251082
ISR,Israel,2022,3.35961440158189
ISR,Israel,2023,3.6673747160226
ISR,Israel,2024,3.69971964970892
ISR,Israel,2025,3.45189166666667
ITA,Italy,2010,0.754308990105961
ITA,Italy,2011,0.718413898653317
ITA,Italy,2012,0.778338120416812
ITA,Italy,2013,0.752945122701996
ITA,Italy,2014,0.752728196932603
ITA,Italy,2015,0.901296423367096
ITA,Italy,2016,0.903421436257263
ITA,Italy,2017,0.885205508269372
ITA,Italy,2018,0.846772667108111
ITA,Italy,2019,0.893276257067409
ITA,Italy,2020,0.875506396987998
ITA,Italy,2021,0.84549413889045
ITA,Italy,2022,0.949623753156941
ITA,Italy,2023,0.924839558470698
ITA,Italy,2024,0.923889546117607
ITA,Italy,2025,0.88496895841236
JAM,Jamaica,2010,87.1961463300915
JAM,Jamaica,2011,85.8934632022765
JAM,Jamaica,2012,88.7498023876452
JAM,Jamaica,2013,100.39788320358
JAM,Jamaica,2014,110.934527811188
JAM,Jamaica,2015,116.969776646049
JAM,Jamaica,2016,125.095034603174
JAM,Jamaica,2017,127.964544179198
JAM,Jamaica,2018,128.87151906466
JAM,Jamaica,2019,133.31211833796
JAM,Jamaica,2020,142.402832756013
JAM,Jamaica,2021,150.790105943026
JAM,Jamaica,2022,153.426816475659
JAM,Jamaica,2023,154.158779031722
JAM,Jamaica,2024,156.439540115298
JAM,Jamaica,2025,159.096428305753
JOR,Jordan,2010,0.71
JOR,Jordan,2011,0.71
JOR,Jordan,2012,0.71
JOR,Jordan,2013,0.71
JOR,Jordan,2014,0.71
JOR,Jordan,2015,0.71
JOR,Jordan,2016,0.71
JOR,Jordan,2017,0.71
JOR,Jordan,2018,0.71
JOR,Jordan,2019,0.71
JOR,Jordan,2020,0.71
JOR,Jordan,2021,0.71
JOR,Jordan,2022,0.71
JOR,Jordan,2023,0.71
JOR,Jordan,2024,0.71
JOR,Jordan,2025,0.71
JPN,Japan,2010,87.779875
JPN,Japan,2011,79.8070198321892
JPN,Japan,2012,79.7904554170065
JPN,Japan,2013,97.5956582776385
JPN,Japan,2014,105.944781034025
JPN,Japan,2015,121.044025684011
JPN,Japan,2016,108.792900046834
JPN,Japan,2017,112.166141081871
JPN,Japan,2018,110.42317934106
JPN,Japan,2019,109.009665900863
JPN,Japan,2020,106.774582262437
JPN,Japan,2021,109.754323839417
JPN,Japan,2022,131.498140443764
JPN,Japan,2023,140.49110006234
JPN,Japan,2024,151.366291302752
JPN,Japan,2025,149.657926890952
KAZ,Kazakhstan,2010,147.355
KAZ,Kazakhstan,2011,146.620833333333
KAZ,Kazakhstan,2012,149.1125
KAZ,Kazakhstan,2013,152.129166666667
KAZ,Kazakhstan,2014,179.191666666667
KAZ,Kazakhstan,2015,221.728333333333
KAZ,Kazakhstan,2016,342.16
KAZ,Kazakhstan,2017,326.001022727273
KAZ,Kazakhstan,2018,344.705833333333
KAZ,Kazakhstan,2019,382.747310606061
KAZ,Kazakhstan,2020,412.953333333333
KAZ,Kazakhstan,2021,425.9075
KAZ,Kazakhstan,2022,460.165
KAZ,Kazakhstan,2023,456.165
KAZ,Kazakhstan,2024,468.9625
KAZ,Kazakhstan,2025,521.035
KEN,Kenya,2010,79.2331517045454
KEN,Kenya,2011,88.8107699710456
KEN,Kenya,2012,84.5296017573529
KEN,Kenya,2013,86.1228788982654
KEN,Kenya,2014,87.9221638089727
KEN,Kenya,2015,98.1784533265271
KEN,Kenya,2016,101.504369498594
KEN,Kenya,2017,103.410004519014
KEN,Kenya,2018,101.301574049018
KEN,Kenya,2019,101.99129838935
KEN,Kenya,2020,106.450780158517
KEN,Kenya,2021,109.637746592367
KEN,Kenya,2022,117.865989201682
KEN,Kenya,2023,139.846383759617
KEN,Kenya,2024,134.822483279332
KEN,Kenya,2025,129.302572099377
KGZ,Kyrgyz Republic,2010,45.9642614008139
KGZ,Kyrgyz Republic,2011,46.1439013172043
KGZ,Kyrgyz Republic,2012,47.0044791422568
KGZ,Kyrgyz Republic,2013,48.4380590087726
KGZ,Kyrgyz Republic,2014,53.654058312852
KGZ,Kyrgyz Republic,2015,64.4621082725294
KGZ,Kyrgyz Republic,2016,69.9140658252997
KGZ,Kyrgyz Republic,2017,68.866667859063
KGZ,Kyrgyz Republic,2018,68.840320327701
KGZ,Kyrgyz Republic,2019,69.7893491807476
KGZ,Kyrgyz Republic,2020,77.3461127039303
KGZ,Kyrgyz Republic,2021,84.6408220065285
KGZ,Kyrgyz Republic,2022,84.1162225704045
KGZ,Kyrgyz Republic,2023,87.8561255862776
KGZ,Kyrgyz Republic,2024,87.1503126405883
KGZ,Kyrgyz Republic,2025,
KHM,Cambodia,2010,4184.91666666667
KHM,Cambodia,2011,4058.5
KHM,Cambodia,2012,4033.0
KHM,Cambodia,2013,4027.25
KHM,Cambodia,2014,4037.5
KHM,Cambodia,2015,4067.75
KHM,Cambodia,2016,4058.69457885305
KHM,Cambodia,2017,4050.5799859191
KHM,Cambodia,2018,4051.16690028162
KHM,Cambodia,2019,4061.14896313364
KHM,Cambodia,2020,4092.78321900878
KHM,Cambodia,2021,4098.72279505888
KHM,Cambodia,2022,4102.03786482335
KHM,Cambodia,2023,4110.65274641577
KHM,Cambodia,2024,4072.39723921642
KHM,Cambodia,2025,4013.43310400666
KIR,Kiribati,2010,1.09015948638677
KIR,Kiribati,2011,0.969463201496735
KIR,Kiribati,2012,0.965801030658708
KIR,Kiribati,2013,1.03584309652054
KIR,Kiribati,2014,1.10936329281692
KIR,Kiribati,2015,1.33109026245502
KIR,Kiribati,2016,1.34521397601947
KIR,Kiribati,2017,1.30475807671592
KIR,Kiribati,2018,1.33841214646451
KIR,Kiribati,2019,1.43850654421382
KIR,Kiribati,2020,1.45308511847016
KIR,Kiribati,2021,1.33122425957081
KIR,Kiribati,2022,1.44166445896522
KIR,Kiribati,2023,1.50519106560508
KIR,Kiribati,2024,1.51535803855596
KIR,Kiribati,2025,1.5519978866485
KOR,"Korea, Rep.",2010,1156.46
KOR,"Korea, Rep.",2011,1108.23333333333
KOR,"Korea, Rep.",2012,1126.80666666667
KOR,"Korea, Rep.",2013,1094.9825
KOR,"Korea, Rep.",2014,1052.84
KOR,"Korea, Rep.",2015,1130.9525
KOR,"Korea, Rep.",2016,1160.7675
KOR,"Korea, Rep.",2017,1131.00083333333
KOR,"Korea, Rep.",2018,1100.16333333333
KOR,"Korea, Rep.",2019,1165.3575
KOR,"Korea, Rep.",2020,1180.26583333333
KOR,"Korea, Rep.",2021,1143.95166666667
KOR,"Korea, Rep.",2022,1291.44666666667
KOR,"Korea, Rep.",2023,1305.6625
KOR,"Korea, Rep.",2024,1363.375
KOR,"Korea, Rep.",2025,1422.44083333333
KWT,Kuwait,2010,0.286606591666667
KWT,Kuwait,2011,0.275978944444444
KWT,Kuwait,2012,0.279935558333333
KWT,Kuwait,2013,0.283589441666667
KWT,Kuwait,2014,0.284567141666667
KWT,Kuwait,2015,0.300852025
KWT,Kuwait,2016,0.302137441178496
KWT,Kuwait,2017,0.303349758333333
KWT,Kuwait,2018,0.301956493524177
KWT,Kuwait,2019,0.303611163035755
KWT,Kuwait,2020,0.306233121756716
KWT,Kuwait,2021,0.301643110769949
KWT,Kuwait,2022,0.306250154417753
KWT,Kuwait,2023,0.30718535125088
KWT,Kuwait,2024,0.306690648597046
KWT,Kuwait,2025,0.306454776364578
LAO,Lao PDR,2010,8254.16302973342
LAO,Lao PDR,2011,8029.2625550619
LAO,Lao PDR,2012,8006.58203188054
LAO,Lao PDR,2013,7833.22998982965
LAO,Lao PDR,2014,8042.42157002354
LAO,Lao PDR,2015,8127.61059846586
LAO,Lao PDR,2016,8124.36675616228
LAO,Lao PDR,2017,8244.84318921019
LAO,Lao PDR,2018,8401.33476613966
LAO,Lao PDR,2019,8679.40909309671
LAO,Lao PDR,2020,9045.78783382479
LAO,Lao PDR,2021,9697.91578947368
LAO,Lao PDR,2022,14035.2266926511
LAO,Lao PDR,2023,17688.8735909054
LAO,Lao PDR,2024,20167.3313803145
LAO,Lao PDR,2025,
LBN,Lebanon,2010,1507.5
LBN,Lebanon,2011,1507.5
LBN,Lebanon,2012,1507.5
LBN,Lebanon,2013,1507.5
LBN,Lebanon,2014,1507.5
LBN,Lebanon,2015,1507.5
LBN,Lebanon,2016,1507.5
LBN,Lebanon,2017,1507.5
LBN,Lebanon,2018,1507.5
LBN,Lebanon,2019,1507.5
LBN,Lebanon,2020,1507.5
LBN,Lebanon,2021,1507.5
LBN,Lebanon,2022,1507.5
LBN,Lebanon,2023,13875.625
LBN,Lebanon,2024,89500.0
LBN,Lebanon,2025,89500.0
LBY,Libya,2010,1.26678941001316
LBY,Libya,2011,1.22415249460346
LBY,Libya,2012,1.26165963821484
LBY,Libya,2013,1.27169182111774
LBY,Libya,2014,1.27240206718888
LBY,Libya,2015,1.38120985962103
LBY,Libya,2016,1.39036867889833
LBY,Libya,2017,1.3938200108235
LBY,Libya,2018,1.36496666666667
LBY,Libya,2019,1.39826289736928
LBY,Libya,2020,1.38866668346465
LBY,Libya,2021,4.514425
LBY,Libya,2022,4.813175
LBY,Libya,2023,4.81288333333334
LBY,Libya,2024,4.83220833333333
LBY,Libya,2025,5.30256666666666
LKA,Sri Lanka,2010,113.064480448821
LKA,Sri Lanka,2011,110.565207851396
LKA,Sri Lanka,2012,127.60335350681
LKA,Sri Lanka,2013,129.069030932888
LKA,Sri Lanka,2014,130.564685218829
LKA,Sri Lanka,2015,135.856912797089
LKA,Sri Lanka,2016,145.581667492026
LKA,Sri Lanka,2017,152.446413948767
LKA,Sri Lanka,2018,162.464858736778
LKA,Sri Lanka,2019,178.744925045848
LKA,Sri Lanka,2020,185.592557772213
LKA,Sri Lanka,2021,198.764316844656
LKA,Sri Lanka,2022,322.632674256475
LKA,Sri Lanka,2023,327.506533333333
LKA,Sri Lanka,2024,
LKA,Sri Lanka,2025,
LTU,Lithuania,2010,2.60633333333333
LTU,Lithuania,2011,2.4811
LTU,Lithuania,2012,2.68629166666667
LTU,Lithuania,2013,2.60100833333333
LTU,Lithuania,2014,2.60029166666667
LTU,Lithuania,2015,0.901296423367096
LTU,Lithuania,2016,0.903421436257263
LTU,Lithuania,2017,0.885205508269372
LTU,Lithuania,2018,0.846772667108111
LTU,Lithuania,2019,0.893276257067409
LTU,Lithuania,2020,0.875506396987998
LTU,Lithuania,2021,0.84549413889045
LTU,Lithuania,2022,0.949623753156941
LTU,Lithuania,2023,0.924839558470698
LTU,Lithuania,2024,0.923889546117607
LTU,Lithuania,2025,0.88496895841236
LUX,Luxembourg,2010,0.754308990105961
LUX,Luxembourg,2011,0.718413898653317
LUX,Luxembourg,2012,0.778338120416812
LUX,Luxembourg,2013,0.752945122701996
LUX,Luxembourg,2014,0.752728196932603
LUX,Luxembourg,2015,0.901296423367096
LUX,Luxembourg,2016,0.903421436257263
LUX,Luxembourg,2017,0.885205508269372
LUX,Luxembourg,2018,0.846772667108111
LUX,Luxembourg,2019,0.893276257067409
LUX,Luxembourg,2020,0.875506396987998
LUX,Luxembourg,2021,0.84549413889045
LUX,Luxembourg,2022,0.949623753156941
LUX,Luxembourg,2023,0.924839558470698
LUX,Luxembourg,2024,0.923889546117607
LUX,Luxembourg,2025,0.88496895841236
LVA,Latvia,2010,0.530475
LVA,Latvia,2011,0.501233333333333
LVA,Latvia,2012,0.546875
LVA,Latvia,2013,0.529391666666667
LVA,Latvia,2014,0.752728196932603
LVA,Latvia,2015,0.901296423367096
LVA,Latvia,2016,0.903421436257263
LVA,Latvia,2017,0.885205508269372
LVA,Latvia,2018,0.846772667108111
LVA,Latvia,2019,0.893276257067409
LVA,Latvia,2020,0.875506396987998
LVA,Latvia,2021,0.84549413889045
LVA,Latvia,2022,0.949623753156941
LVA,Latvia,2023,0.924839558470698
LVA,Latvia,2024,0.923889546117607
LVA,Latvia,2025,0.88496895841236
MAR,Morocco,2010,8.41715833333333
MAR,Morocco,2011,8.089875
MAR,Morocco,2012,8.62844458333333
MAR,Morocco,2013,8.4055039167443
MAR,Morocco,2014,8.40633668826152
MAR,Morocco,2015,9.76434827950111
MAR,Morocco,2016,9.8074760315025
MAR,Morocco,2017,9.6919978888289
MAR,Morocco,2018,9.38610242091972
MAR,Morocco,2019,9.61707609950743
MAR,Morocco,2020,9.49684732221969
MAR,Morocco,2021,8.98848402414138
MAR,Morocco,2022,10.1606602430359
MAR,Morocco,2023,10.1314260970897
MAR,Morocco,2024,9.94235921679198
MAR,Morocco,2025,9.35027697089947
MDG,Madagascar,2010,2089.95
MDG,Madagascar,2011,2025.1175
MDG,Madagascar,2012,2194.96666666667
MDG,Madagascar,2013,2206.91416666667
MDG,Madagascar,2014,2414.81166666667
MDG,Madagascar,2015,2933.50833333333
MDG,Madagascar,2016,3176.53916666667
MDG,Madagascar,2017,3116.11
MDG,Madagascar,2018,3334.75225490196
MDG,Madagascar,2019,3618.32185816072
MDG,Madagascar,2020,3787.75405817574
MDG,Madagascar,2021,3829.97784932976
MDG,Madagascar,2022,4096.11618374535
MDG,Madagascar,2023,4429.57921419022
MDG,Madagascar,2024,4525.42472099152
MDG,Madagascar,2025,4529.75125196405
MDV,Maldives,2010,12.8
MDV,Maldives,2011,14.6020084036964
MDV,Maldives,2012,15.3648353163596
MDV,Maldives,2013,15.3667100302841
MDV,Maldives,2014,15.3803935180893
MDV,Maldives,2015,15.3663312211982
MDV,Maldives,2016,15.3684076818158
MDV,Maldives,2017,15.3869685099846
MDV,Maldives,2018,15.3908372695852
MDV,Maldives,2019,15.3820419226831
MDV,Maldives,2020,15.3812695278705
MDV,Maldives,2021,15.3726984126984
MDV,Maldives,2022,15.386625
MDV,Maldives,2023,15.3867943548387
MDV,Maldives,2024,15.3891963292547
MDV,Maldives,2025,15.415677547363
MEX,Mexico,2010,12.6360083333333
MEX,Mexico,2011,12.423325
MEX,Mexico,2012,13.1694583333333
MEX,Mexico,2013,12.7719916666667
MEX,Mexico,2014,13.29245
MEX,Mexico,2015,15.8482666666667
MEX,Mexico,2016,18.6640583333333
MEX,Mexico,2017,18.9265166666667
MEX,Mexico,2018,19.2443416666667
MEX,Mexico,2019,19.2636333333333
MEX,Mexico,2020,21.4856083333333
MEX,Mexico,2021,20.2724083333333
MEX,Mexico,2022,20.12735
MEX,Mexico,2023,17.7587166666667
MEX,Mexico,2024,18.3048583333333
MEX,Mexico,2025,19.2375083333333
MHL,Marshall Islands,2010,1.0
MHL,Marshall Islands,2011,1.0
MHL,Marshall Islands,2012,1.0
MHL,Marshall Islands,2013,1.0
MHL,Marshall Islands,2014,1.0
MHL,Marshall Islands,2015,1.0
MHL,Marshall Islands,2016,1.0
MHL,Marshall Islands,2017,1.0
MHL,Marshall Islands,2018,1.0
MHL,Marshall Islands,2019,1.0
MHL,Marshall Islands,2020,1.0
MHL,Marshall Islands,2021,1.0
MHL,Marshall Islands,2022,1.0
MHL,Marshall Islands,2023,1.0
MHL,Marshall Islands,2024,1.0
MHL,Marshall Islands,2025,1.0
MLI,Mali,2010,494.794262222947
MLI,Mali,2011,471.248625718937
MLI,Mali,2012,510.556338454251
MLI,Mali,2013,493.899623852237
MLI,Mali,2014,493.757329875312
MLI,Mali,2015,591.21169798261
MLI,Mali,2016,592.605615063022
MLI,Mali,2017,580.656749587858
MLI,Mali,2018,555.446458398226
MLI,Mali,2019,585.911013180369
MLI,Mali,2020,575.586004510945
MLI,Mali,2021,554.530675033104
MLI,Mali,2022,623.759700911182
MLI,Mali,2023,606.569750165917
MLI,Mali,2024,606.345297609063
MLI,Mali,2025,581.92848104034
MMR,Myanmar,2010,5.63488333333333
MMR,Myanmar,2011,5.44410833333334
MMR,Myanmar,2012,640.653416666667
MMR,Myanmar,2013,933.570456356879
MMR,Myanmar,2014,984.345747560046
MMR,Myanmar,2015,1162.61532862554
MMR,Myanmar,2016,1234.86951666667
MMR,Myanmar,2017,1360.35870704085
MMR,Myanmar,2018,1429.80797520107
MMR,Myanmar,2019,1518.25511666667
MMR,Myanmar,2020,1381.61916666667
MMR,Myanmar,2021,
MMR,Myanmar,2022,
MMR,Myanmar,2023,
MMR,Myanmar,2024,
MMR,Myanmar,2025,
MNG,Mongolia,2010,1357.06416666667
MNG,Mongolia,2011,1265.51583333333
MNG,Mongolia,2012,1357.58
MNG,Mongolia,2013,1523.9275
MNG,Mongolia,2014,1817.93870833333
MNG,Mongolia,2015,1970.30916666667
MNG,Mongolia,2016,2140.29086406116
MNG,Mongolia,2017,2439.77720111244
MNG,Mongolia,2018,2472.48405114235
MNG,Mongolia,2019,2663.54139820163
MNG,Mongolia,2020,2813.28983532639
MNG,Mongolia,2021,2849.2886145414
MNG,Mongolia,2022,3140.67788364809
MNG,Mongolia,2023,3465.73653626198
MNG,Mongolia,2024,3389.98152022101
MNG,Mongolia,2025,3545.14356555046
MOZ,Mozambique,2010,33.9600988006908
MOZ,Mozambique,2011,29.0675999319775
MOZ,Mozambique,2012,28.3729844798921
MOZ,Mozambique,2013,30.1041110929498
MOZ,Mozambique,2014,31.3526877009443
MOZ,Mozambique,2015,39.9824741465406
MOZ,Mozambique,2016,63.0562327310371
MOZ,Mozambique,2017,63.584322913399
MOZ,Mozambique,2018,60.3262076432022
MOZ,Mozambique,2019,62.5483333333333
MOZ,Mozambique,2020,69.465
MOZ,Mozambique,2021,65.465
MOZ,Mozambique,2022,63.8508333333333
MOZ,Mozambique,2023,63.8858333333333
MOZ,Mozambique,2024,63.905
MOZ,Mozambique,2025,
MRT,Mauritania,2010,27.5894166666667
MRT,Mauritania,2011,28.1118333333333
MRT,Mauritania,2012,29.662
MRT,Mauritania,2013,30.0681666666667
MRT,Mauritania,2014,30.2725
MRT,Mauritania,2015,32.4671666666667
MRT,Mauritania,2016,35.2370833333334
MRT,Mauritania,2017,35.7944166666667
MRT,Mauritania,2018,35.6775
MRT,Mauritania,2019,36.6908333333334
MRT,Mauritania,2020,37.1891666666667
MRT,Mauritania,2021,36.0633333333333
MRT,Mauritania,2022,36.935
MRT,Mauritania,2023,36.4891666666666
MRT,Mauritania,2024,
MRT,Mauritania,2025,
MUS,Mauritius,2010,30.7844
MUS,Mauritius,2011,28.70595
MUS,Mauritius,2012,30.0499716666667
MUS,Mauritius,2013,30.7013583333333
MUS,Mauritius,2014,30.6216166666667
MUS,Mauritius,2015,35.0567
MUS,Mauritius,2016,35.5418833333333
MUS,Mauritius,2017,34.4814083333333
MUS,Mauritius,2018,33.93445
MUS,Mauritius,2019,35.4735166666667
MUS,Mauritius,2020,39.3469333333333
MUS,Mauritius,2021,41.6921333333333
MUS,Mauritius,2022,44.182775
MUS,Mauritius,2023,45.267225
MUS,Mauritius,2024,46.414675
MUS,Mauritius,2025,45.9969666666667
MYS,Malaysia,2010,3.22108691472175
MYS,Malaysia,2011,3.06000301052058
MYS,Malaysia,2012,3.08880086662188
MYS,Malaysia,2013,3.15090855009724
MYS,Malaysia,2014,3.27285974643047
MYS,Malaysia,2015,3.90550026302768
MYS,Malaysia,2016,4.14830066287879
MYS,Malaysia,2017,4.30044087761124
MYS,Malaysia,2018,4.03513013706806
MYS,Malaysia,2019,4.14246973569731
MYS,Malaysia,2020,4.20348194851884
MYS,Malaysia,2021,4.14329759817721
MYS,Malaysia,2022,4.40107634540072
MYS,Malaysia,2023,4.56062343240897
MYS,Malaysia,2024,4.5764279106858
MYS,Malaysia,2025,4.28442415048243
NAM,Namibia,2010,7.33025
NAM,Namibia,2011,7.300025
NAM,Namibia,2012,8.19377083333334
NAM,Namibia,2013,9.750075
NAM,Namibia,2014,10.8428875
NAM,Namibia,2015,12.8819208333333
NAM,Namibia,2016,14.7087666666667
NAM,Namibia,2017,13.3129
NAM,Namibia,2018,13.2339416666667
NAM,Namibia,2019,14.4486904166667
NAM,Namibia,2020,16.4632666666667
NAM,Namibia,2021,14.778675
NAM,Namibia,2022,16.3558583333333
NAM,Namibia,2023,18.4463083333333
NAM,Namibia,2024,18.3286583333333
NAM,Namibia,2025,17.8887333333333
NER,Niger,2010,494.794262222947
NER,Niger,2011,471.248625718937
NER,Niger,2012,510.556338454251
NER,Niger,2013,493.899623852237
NER,Niger,2014,493.757329875312
NER,Niger,2015,591.21169798261
NER,Niger,2016,592.605615063022
NER,Niger,2017,580.656749587858
NER,Niger,2018,555.446458398226
NER,Niger,2019,585.911013180369
NER,Niger,2020,575.586004510945
NER,Niger,2021,554.530675033104
NER,Niger,2022,623.759700911182
NER,Niger,2023,606.569750165917
NER,Niger,2024,606.345297609063
NER,Niger,2025,581.92848104034
NGA,Nigeria,2010,150.2975
NGA,Nigeria,2011,153.8625
NGA,Nigeria,2012,157.5
NGA,Nigeria,2013,157.311666666667
NGA,Nigeria,2014,158.552641666667
NGA,Nigeria,2015,192.440333333333
NGA,Nigeria,2016,253.492
NGA,Nigeria,2017,305.790109160005
NGA,Nigeria,2018,306.083688245234
NGA,Nigeria,2019,306.920951495222
NGA,Nigeria,2020,358.810797258297
NGA,Nigeria,2021,401.152029220779
NGA,Nigeria,2022,425.979158066857
NGA,Nigeria,2023,645.194067883201
NGA,Nigeria,2024,1478.96519740023
NGA,Nigeria,2025,1518.38094813368
NIC,Nicaragua,2010,21.3564486834358
NIC,Nicaragua,2011,22.4242706163594
NIC,Nicaragua,2012,23.5466635310839
NIC,Nicaragua,2013,24.7227641666667
NIC,Nicaragua,2014,25.9589003667435
NIC,Nicaragua,2015,27.2568449404762
NIC,Nicaragua,2016,28.6209624101588
NIC,Nicaragua,2017,30.0509413442878
NIC,Nicaragua,2018,31.5532123338754
NIC,Nicaragua,2019,33.121745265284
NIC,Nicaragua,2020,34.3421221197024
NIC,Nicaragua,2021,35.1710166666667
NIC,Nicaragua,2022,35.874421141967
NIC,Nicaragua,2023,36.4411942796586
NIC,Nicaragua,2024,36.6243
NIC,Nicaragua,2025,36.6243
NLD,Netherlands,2010,0.754308990105961
NLD,Netherlands,2011,0.718413898653317
NLD,Netherlands,2012,0.778338120416812
NLD,Netherlands,2013,0.752945122701996
NLD,Netherlands,2014,0.752728196932603
NLD,Netherlands,2015,0.901296423367096
NLD,Netherlands,2016,0.903421436257263
NLD,Netherlands,2017,0.885205508269372
NLD,Netherlands,2018,0.846772667108111
NLD,Netherlands,2019,0.893276257067409
NLD,Netherlands,2020,0.875506396987998
NLD,Netherlands,2021,0.84549413889045
NLD,Netherlands,2022,0.949623753156941
NLD,Netherlands,2023,0.924839558470698
NLD,Netherlands,2024,0.923889546117607
NLD,Netherlands,2025,0.88496895841236
NOR,Norway,2010,6.04416666666666
NOR,Norway,2011,5.60460730676328
NOR,Norway,2012,5.8175
NOR,Norway,2013,5.875
NOR,Norway,2014,6.30166666666667
NOR,Norway,2015,8.06416666666667
NOR,Norway,2016,8.4
NOR,Norway,2017,8.27166666666666
NOR,Norway,2018,8.1325
NOR,Norway,2019,8.8
NOR,Norway,2020,9.41583333333334
NOR,Norway,2021,8.59
NOR,Norway,2022,9.61416666666667
NOR,Norway,2023,10.5633333333333
NOR,Norway,2024,10.7458333333333
NOR,Norway,2025,10.3958333333333
NPL,Nepal,2010,73.2623590158046
NPL,Nepal,2011,74.02
NPL,Nepal,2012,85.2257559923835
NPL,Nepal,2013,93.0843938075485
NPL,Nepal,2014,97.5548421567946
NPL,Nepal,2015,102.405134331356
NPL,Nepal,2016,107.383815174654
NPL,Nepal,2017,104.511885242862
NPL,Nepal,2018,108.930134109273
NPL,Nepal,2019,112.609482758621
NPL,Nepal,2020,118.345187275986
NPL,Nepal,2021,118.134081604947
NPL,Nepal,2022,125.199457792609
NPL,Nepal,2023,132.115460088756
NPL,Nepal,2024,133.726644315443
NPL,Nepal,2025,139.115437592696
NRU,Naoero,2010,1.09015948638677
NRU,Naoero,2011,0.969463201496735
NRU,Naoero,2012,0.965801030658708
NRU,Naoero,2013,1.03584309652054
NRU,Naoero,2014,1.10936329281692
NRU,Naoero,2015,1.33109026245502
NRU,Naoero,2016,1.34521397601947
NRU,Naoero,2017,1.30475807671592
NRU,Naoero,2018,1.33841214646451
NRU,Naoero,2019,1.43850654421382
NRU,Naoero,2020,1.45308511847016
NRU,Naoero,2021,1.33122425957081
NRU,Naoero,2022,1.44166445896522
NRU,Naoero,2023,1.50519106560508
NRU,Naoero,2024,1.51535803855596
NRU,Naoero,2025,1.5519978866485
NZL,New Zealand,2010,1.38783382768108
NZL,New Zealand,2011,1.26581069673447
NZL,New Zealand,2012,1.23428365501329
NZL,New Zealand,2013,1.21940797394829
NZL,New Zealand,2014,1.20543333333333
NZL,New Zealand,2015,1.433975
NZL,New Zealand,2016,1.436525
NZL,New Zealand,2017,1.40740833333333
NZL,New Zealand,2018,1.44525833333333
NZL,New Zealand,2019,1.517875
NZL,New Zealand,2020,1.54205833333333
NZL,New Zealand,2021,1.4138
NZL,New Zealand,2022,1.57718333333333
NZL,New Zealand,2023,1.62843333333333
NZL,New Zealand,2024,1.65230833333333
NZL,New Zealand,2025,1.72010833333333
OMN,Oman,2010,0.3845
OMN,Oman,2011,0.3845
OMN,Oman,2012,0.3845
OMN,Oman,2013,0.3845
OMN,Oman,2014,0.3845
OMN,Oman,2015,0.3845
OMN,Oman,2016,0.3845
OMN,Oman,2017,0.3845
OMN,Oman,2018,0.3845
OMN,Oman,2019,0.3845
OMN,Oman,2020,0.3845
OMN,Oman,2021,0.3845
OMN,Oman,2022,0.3845
OMN,Oman,2023,0.3845
OMN,Oman,2024,0.3845
OMN,Oman,2025,0.3845
PAK,Pakistan,2010,85.1938163257576
PAK,Pakistan,2011,86.3433833333333
PAK,Pakistan,2012,93.3951972222222
PAK,Pakistan,2013,101.628899206349
PAK,Pakistan,2014,101.100088423521
PAK,Pakistan,2015,102.769271604675
PAK,Pakistan,2016,104.769117033301
PAK,Pakistan,2017,105.455162087938
PAK,Pakistan,2018,121.824068875756
PAK,Pakistan,2019,150.036253839864
PAK,Pakistan,2020,161.838479684718
PAK,Pakistan,2021,162.906253747418
PAK,Pakistan,2022,204.867187469982
PAK,Pakistan,2023,280.356111655149
PAK,Pakistan,2024,278.580716167563
PAK,Pakistan,2025,281.143001173202
PAN,Panama,2010,1.0
PAN,Panama,2011,1.0
PAN,Panama,2012,1.0
PAN,Panama,2013,1.0
PAN,Panama,2014,1.0
PAN,Panama,2015,1.0
PAN,Panama,2016,1.0
PAN,Panama,2017,1.0
PAN,Panama,2018,1.0
PAN,Panama,2019,1.0
PAN,Panama,2020,1.0
PAN,Panama,2021,1.0
PAN,Panama,2022,1.0
PAN,Panama,2023,1.0
PAN,Panama,2024,1.0
PAN,Panama,2025,1.0
PER,Peru,2010,2.825125
PER,Peru,2011,2.7541
PER,Peru,2012,2.63758641774892
PER,Peru,2013,2.70189902597403
PER,Peru,2014,2.83904413780664
PER,Peru,2015,3.18443924152237
PER,Peru,2016,3.37506158720665
PER,Peru,2017,3.2604884908321
PER,Peru,2018,3.28660269803296
PER,Peru,2019,3.3372655465368
PER,Peru,2020,3.4949411976912
PER,Peru,2021,3.88055413137587
PER,Peru,2022,3.83518137473542
PER,Peru,2023,3.74382620959376
PER,Peru,2024,3.7525
PER,Peru,2025,3.5670638032991
PHL,Philippines,2010,45.1096641800896
PHL,Philippines,2011,43.3131369237488
PHL,Philippines,2012,42.2287947349434
PHL,Philippines,2013,42.4461848306739
PHL,Philippines,2014,44.3951543042097
PHL,Philippines,2015,45.5028399421431
PHL,Philippines,2016,47.4924638585099
PHL,Philippines,2017,50.4037197937177
PHL,Philippines,2018,52.6614299539683
PHL,Philippines,2019,51.7957826517332
PHL,Philippines,2020,49.6240960026328
PHL,Philippines,2021,49.2545977288412
PHL,Philippines,2022,54.477785837205
PHL,Philippines,2023,55.630363223193
PHL,Philippines,2024,57.2906550699734
PHL,Philippines,2025,57.5050971489715
PLW,Palau,2010,1.0
PLW,Palau,2011,1.0
PLW,Palau,2012,1.0
PLW,Palau,2013,1.0
PLW,Palau,2014,1.0
PLW,Palau,2015,1.0
PLW,Palau,2016,1.0
PLW,Palau,2017,1.0
PLW,Palau,2018,1.0
PLW,Palau,2019,1.0
PLW,Palau,2020,1.0
PLW,Palau,2021,1.0
PLW,Palau,2022,1.0
PLW,Palau,2023,1.0
PLW,Palau,2024,1.0
PLW,Palau,2025,1.0
PNG,Papua New Guinea,2010,2.71929416666667
PNG,Papua New Guinea,2011,2.37096994940423
PNG,Papua New Guinea,2012,2.08364833902548
PNG,Papua New Guinea,2013,2.24451
PNG,Papua New Guinea,2014,2.461385
PNG,Papua New Guinea,2015,2.76841166666667
PNG,Papua New Guinea,2016,3.13302930185604
PNG,Papua New Guinea,2017,3.18878838289617
PNG,Papua New Guinea,2018,3.2934630812508
PNG,Papua New Guinea,2019,3.38753768145423
PNG,Papua New Guinea,2020,3.45997438644787
PNG,Papua New Guinea,2021,3.50877192982456
PNG,Papua New Guinea,2022,3.51922970506745
PNG,Papua New Guinea,2023,3.58962274932016
PNG,Papua New Guinea,2024,3.8527502682192
PNG,Papua New Guinea,2025,4.12272372720281
POL,Poland,2010,3.0153
POL,Poland,2011,2.96284777777778
POL,Poland,2012,3.25654166666667
POL,Poland,2013,3.16061666666667
POL,Poland,2014,3.15454166666667
POL,Poland,2015,3.7695
POL,Poland,2016,3.94278333333334
POL,Poland,2017,3.77933333333333
POL,Poland,2018,3.61171666666667
POL,Poland,2019,3.839375
POL,Poland,2020,3.89974166666667
POL,Poland,2021,3.86191666666667
POL,Poland,2022,4.45775833333333
POL,Poland,2023,4.20366666666667
POL,Poland,2024,3.98078333333333
POL,Poland,2025,3.76054166666667
PRK,"Korea, Dem. People's Rep.",2010,
PRK,"Korea, Dem. People's Rep.",2011,
PRK,"Korea, Dem. People's Rep.",2012,
PRK,"Korea, Dem. People's Rep.",2013,
PRK,"Korea, Dem. People's Rep.",2014,
PRK,"Korea, Dem. People's Rep.",2015,
PRK,"Korea, Dem. People's Rep.",2016,
PRK,"Korea, Dem. People's Rep.",2017,
PRK,"Korea, Dem. People's Rep.",2018,
PRK,"Korea, Dem. People's Rep.",2019,
PRK,"Korea, Dem. People's Rep.",2020,
PRK,"Korea, Dem. People's Rep.",2021,
PRK,"Korea, Dem. People's Rep.",2022,
PRK,"Korea, Dem. People's Rep.",2023,
PRK,"Korea, Dem. People's Rep.",2024,
PRK,"Korea, Dem. People's Rep.",2025,
PRT,Portugal,2010,0.754308990105961
PRT,Portugal,2011,0.718413898653317
PRT,Portugal,2012,0.778338120416812
PRT,Portugal,2013,0.752945122701996
PRT,Portugal,2014,0.752728196932603
PRT,Portugal,2015,0.901296423367096
PRT,Portugal,2016,0.903421436257263
PRT,Portugal,2017,0.885205508269372
PRT,Portugal,2018,0.846772667108111
PRT,Portugal,2019,0.893276257067409
PRT,Portugal,2020,0.875506396987998
PRT,Portugal,2021,0.84549413889045
PRT,Portugal,2022,0.949623753156941
PRT,Portugal,2023,0.924839558470698
PRT,Portugal,2024,0.923889546117607
PRT,Portugal,2025,0.88496895841236
PRY,Paraguay,2010,4758.43012878788
PRY,Paraguay,2011,4193.8023075919
PRY,Paraguay,2012,4421.65928640414
PRY,Paraguay,2013,4303.88256599819
PRY,Paraguay,2014,4462.18528829093
PRY,Paraguay,2015,5204.92080811087
PRY,Paraguay,2016,5670.54089799784
PRY,Paraguay,2017,5618.9334516428
PRY,Paraguay,2018,5732.10455572912
PRY,Paraguay,2019,6240.72207844257
PRY,Paraguay,2020,6771.09742519652
PRY,Paraguay,2021,6774.16273484849
PRY,Paraguay,2022,6982.75237776692
PRY,Paraguay,2023,7288.87205374128
PRY,Paraguay,2024,7560.24758837744
PRY,Paraguay,2025,7545.44675537411
PSE,West Bank and Gaza,2010,
PSE,West Bank and Gaza,2011,
PSE,West Bank and Gaza,2012,
PSE,West Bank and Gaza,2013,
PSE,West Bank and Gaza,2014,
PSE,West Bank and Gaza,2015,
PSE,West Bank and Gaza,2016,
PSE,West Bank and Gaza,2017,
PSE,West Bank and Gaza,2018,
PSE,West Bank and Gaza,2019,
PSE,West Bank and Gaza,2020,
PSE,West Bank and Gaza,2021,
PSE,West Bank and Gaza,2022,
PSE,West Bank and Gaza,2023,
PSE,West Bank and Gaza,2024,
PSE,West Bank and Gaza,2025,
QAT,Qatar,2010,3.64
QAT,Qatar,2011,3.64
QAT,Qatar,2012,3.64
QAT,Qatar,2013,3.64
QAT,Qatar,2014,3.64
QAT,Qatar,2015,3.64
QAT,Qatar,2016,3.64
QAT,Qatar,2017,3.64
QAT,Qatar,2018,3.64
QAT,Qatar,2019,3.64
QAT,Qatar,2020,3.64
QAT,Qatar,2021,3.64
QAT,Qatar,2022,3.64
QAT,Qatar,2023,3.64
QAT,Qatar,2024,3.64
QAT,Qatar,2025,3.64
ROU,Romania,2010,3.1779
ROU,Romania,2011,3.04860833333333
ROU,Romania,2012,3.4682
ROU,Romania,2013,3.32791666666667
ROU,Romania,2014,3.349175
ROU,Romania,2015,4.00566666666666
ROU,Romania,2016,4.05918333333333
ROU,Romania,2017,4.05249166666666
ROU,Romania,2018,3.94161666666667
ROU,Romania,2019,4.237925
ROU,Romania,2020,4.24399166666667
ROU,Romania,2021,4.16041666666666
ROU,Romania,2022,4.688475
ROU,Romania,2023,4.57429166666667
ROU,Romania,2024,4.598375
ROU,Romania,2025,4.47053333333333
RUS,Russian Federation,2010,30.3679153383059
RUS,Russian Federation,2011,29.3823413709302
RUS,Russian Federation,2012,30.8398313519917
RUS,Russian Federation,2013,31.8371436402813
RUS,Russian Federation,2014,38.3782071444168
RUS,Russian Federation,2015,60.9376501088951
RUS,Russian Federation,2016,67.0559333333333
RUS,Russian Federation,2017,58.3428011851719
RUS,Russian Federation,2018,62.6681333333334
RUS,Russian Federation,2019,64.7376583333333
RUS,Russian Federation,2020,72.1049083333333
RUS,Russian Federation,2021,73.65435
RUS,Russian Federation,2022,68.4849416666667
RUS,Russian Federation,2023,85.1620083333333
RUS,Russian Federation,2024,92.5524
RUS,Russian Federation,2025,
RWA,Rwanda,2010,583.130906583333
RWA,Rwanda,2011,600.30651975
RWA,Rwanda,2012,614.295142416667
RWA,Rwanda,2013,646.6359745
RWA,Rwanda,2014,682.4377953875
RWA,Rwanda,2015,719.8595555
RWA,Rwanda,2016,787.25152175
RWA,Rwanda,2017,831.55433975
RWA,Rwanda,2018,861.093412166667
RWA,Rwanda,2019,899.350509
RWA,Rwanda,2020,943.278048166667
RWA,Rwanda,2021,988.624806551768
RWA,Rwanda,2022,1030.30829974206
RWA,Rwanda,2023,1160.09869425
RWA,Rwanda,2024,1318.12835733333
RWA,Rwanda,2025,1428.47827558333
SAU,Saudi Arabia,2010,3.75
SAU,Saudi Arabia,2011,3.75
SAU,Saudi Arabia,2012,3.75
SAU,Saudi Arabia,2013,3.75
SAU,Saudi Arabia,2014,3.75
SAU,Saudi Arabia,2015,3.75
SAU,Saudi Arabia,2016,3.75
SAU,Saudi Arabia,2017,3.75
SAU,Saudi Arabia,2018,3.75
SAU,Saudi Arabia,2019,3.75
SAU,Saudi Arabia,2020,3.75
SAU,Saudi Arabia,2021,3.75
SAU,Saudi Arabia,2022,3.75
SAU,Saudi Arabia,2023,3.75
SAU,Saudi Arabia,2024,3.75
SAU,Saudi Arabia,2025,3.75
SDN,Sudan,2010,2.30600092016667
SDN,Sudan,2011,2.66661962177469
SDN,Sudan,2012,3.57295833333333
SDN,Sudan,2013,4.75676054708821
SDN,Sudan,2014,5.73686666666667
SDN,Sudan,2015,6.02573259791667
SDN,Sudan,2016,6.21171364583333
SDN,Sudan,2017,6.68336
SDN,Sudan,2018,24.3289109018116
SDN,Sudan,2019,45.7670454545455
SDN,Sudan,2020,53.9960119047619
SDN,Sudan,2021,370.790583333333
SDN,Sudan,2022,546.75885
SDN,Sudan,2023,
SDN,Sudan,2024,
SDN,Sudan,2025,
SEN,Senegal,2010,494.794262222947
SEN,Senegal,2011,471.248625718937
SEN,Senegal,2012,510.556338454251
SEN,Senegal,2013,493.899623852237
SEN,Senegal,2014,493.757329875312
SEN,Senegal,2015,591.21169798261
SEN,Senegal,2016,592.605615063022
SEN,Senegal,2017,580.656749587858
SEN,Senegal,2018,555.446458398226
SEN,Senegal,2019,585.911013180369
SEN,Senegal,2020,575.586004510945
SEN,Senegal,2021,554.530675033104
SEN,Senegal,2022,623.759700911182
SEN,Senegal,2023,606.569750165917
SEN,Senegal,2024,606.345297609063
SEN,Senegal,2025,581.92848104034
SGP,Singapore,2010,1.36350833333333
SGP,Singapore,2011,1.25777587719298
SGP,Singapore,2012,1.2496762037037
SGP,Singapore,2013,1.2513
SGP,Singapore,2014,1.26705
SGP,Singapore,2015,1.374825
SGP,Singapore,2016,1.38154636363636
SGP,Singapore,2017,1.380925
SGP,Singapore,2018,1.34884166666667
SGP,Singapore,2019,1.36415833333333
SGP,Singapore,2020,1.37974166666667
SGP,Singapore,2021,1.34348333333333
SGP,Singapore,2022,1.37866666666667
SGP,Singapore,2023,1.34276666666667
SGP,Singapore,2024,1.33623333333333
SGP,Singapore,2025,1.30745
SLB,Solomon Islands,2010,8.06450134408602
SLB,Solomon Islands,2011,7.64125903009875
SLB,Solomon Islands,2012,7.35520284715203
SLB,Solomon Islands,2013,7.30213510004206
SLB,Solomon Islands,2014,7.37534535364211
SLB,Solomon Islands,2015,7.91468897735788
SLB,Solomon Islands,2016,7.94815293778867
SLB,Solomon Islands,2017,7.88739036909183
SLB,Solomon Islands,2018,7.95250486131003
SLB,Solomon Islands,2019,8.17339929777839
SLB,Solomon Islands,2020,8.21341290967261
SLB,Solomon Islands,2021,8.03010299104933
SLB,Solomon Islands,2022,8.1555286976263
SLB,Solomon Islands,2023,8.37559677613046
SLB,Solomon Islands,2024,8.45483560171654
SLB,Solomon Islands,2025,8.32684233252033
SLV,El Salvador,2010,1.0
SLV,El Salvador,2011,1.0
SLV,El Salvador,2012,1.0
SLV,El Salvador,2013,1.0
SLV,El Salvador,2014,1.0
SLV,El Salvador,2015,1.0
SLV,El Salvador,2016,1.0
SLV,El Salvador,2017,1.0
SLV,El Salvador,2018,1.0
SLV,El Salvador,2019,1.0
SLV,El Salvador,2020,1.0
SLV,El Salvador,2021,1.0
SLV,El Salvador,2022,1.0
SLV,El Salvador,2023,1.0
SLV,El Salvador,2024,1.0
SLV,El Salvador,2025,1.0
SRB,Serbia,2010,77.7228416666667
SRB,Serbia,2011,73.3554333333333
SRB,Serbia,2012,87.9588083333333
SRB,Serbia,2013,85.1588416666667
SRB,Serbia,2014,88.4053083333333
SRB,Serbia,2015,108.811425
SRB,Serbia,2016,111.27785
SRB,Serbia,2017,107.75885
SRB,Serbia,2018,100.175075
SRB,Serbia,2019,105.249558333333
SRB,Serbia,2020,103.163291666667
SRB,Serbia,2021,99.3959416666667
SRB,Serbia,2022,111.662183333333
SRB,Serbia,2023,108.402691666667
SRB,Serbia,2024,108.207741666667
SRB,Serbia,2025,103.9754
SUR,Suriname,2010,2.74541666666667
SUR,Suriname,2011,3.268
SUR,Suriname,2012,3.3
SUR,Suriname,2013,3.3
SUR,Suriname,2014,3.3
SUR,Suriname,2015,3.41666666666667
SUR,Suriname,2016,6.22863027848978
SUR,Suriname,2017,7.487661125
SUR,Suriname,2018,7.4625111984127
SUR,Suriname,2019,7.458
SUR,Suriname,2020,9.30954545454546
SUR,Suriname,2021,18.2386666666667
SUR,Suriname,2022,24.7091747565789
SUR,Suriname,2023,36.7758691666667
SUR,Suriname,2024,33.1805516666667
SUR,Suriname,2025,37.2601791666667
SVK,Slovak Republic,2010,0.754308990105961
SVK,Slovak Republic,2011,0.718413898653317
SVK,Slovak Republic,2012,0.778338120416812
SVK,Slovak Republic,2013,0.752945122701996
SVK,Slovak Republic,2014,0.752728196932603
SVK,Slovak Republic,2015,0.901296423367096
SVK,Slovak Republic,2016,0.903421436257263
SVK,Slovak Republic,2017,0.885205508269372
SVK,Slovak Republic,2018,0.846772667108111
SVK,Slovak Republic,2019,0.893276257067409
SVK,Slovak Republic,2020,0.875506396987998
SVK,Slovak Republic,2021,0.84549413889045
SVK,Slovak Republic,2022,0.949623753156941
SVK,Slovak Republic,2023,0.924839558470698
SVK,Slovak Republic,2024,0.923889546117607
SVK,Slovak Republic,2025,0.88496895841236
SVN,Slovenia,2010,0.754308990105961
SVN,Slovenia,2011,0.718413898653317
SVN,Slovenia,2012,0.778338120416812
SVN,Slovenia,2013,0.752945122701996
SVN,Slovenia,2014,0.752728196932603
SVN,Slovenia,2015,0.901296423367096
SVN,Slovenia,2016,0.903421436257263
SVN,Slovenia,2017,0.885205508269372
SVN,Slovenia,2018,0.846772667108111
SVN,Slovenia,2019,0.893276257067409
SVN,Slovenia,2020,0.875506396987998
SVN,Slovenia,2021,0.84549413889045
SVN,Slovenia,2022,0.949623753156941
SVN,Slovenia,2023,0.924839558470698
SVN,Slovenia,2024,0.923889546117607
SVN,Slovenia,2025,0.88496895841236
SWE,Sweden,2010,7.20752416666667
SWE,Sweden,2011,6.49354333333333
SWE,Sweden,2012,6.77501583333333
SWE,Sweden,2013,6.51397166666666
SWE,Sweden,2014,6.860785
SWE,Sweden,2015,8.43484083333333
SWE,Sweden,2016,8.56199166666667
SWE,Sweden,2017,8.54886083333333
SWE,Sweden,2018,8.69251833333333
SWE,Sweden,2019,9.45834916666667
SWE,Sweden,2020,9.21030902842085
SWE,Sweden,2021,8.57656671607378
SWE,Sweden,2022,10.114251277564
SWE,Sweden,2023,10.6101612965536
SWE,Sweden,2024,10.5676364344775
SWE,Sweden,2025,9.82070570950185
SYR,Syrian Arab Republic,2010,11.225
SYR,Syrian Arab Republic,2011,48.3366666666667
SYR,Syrian Arab Republic,2012,64.5808333333333
SYR,Syrian Arab Republic,2013,108.733333333333
SYR,Syrian Arab Republic,2014,154.13
SYR,Syrian Arab Republic,2015,237.029166666667
SYR,Syrian Arab Republic,2016,460.275833333333
SYR,Syrian Arab Republic,2017,492.610833333333
SYR,Syrian Arab Republic,2018,436.5
SYR,Syrian Arab Republic,2019,436.5
SYR,Syrian Arab Republic,2020,877.945250896057
SYR,Syrian Arab Republic,2021,1256.0
SYR,Syrian Arab Republic,2022,2505.74691085873
SYR,Syrian Arab Republic,2023,
SYR,Syrian Arab Republic,2024,
SYR,Syrian Arab Republic,2025,
TCD,Chad,2010,494.794262222947
TCD,Chad,2011,471.248625718937
TCD,Chad,2012,510.556338454251
TCD,Chad,2013,493.899623852237
TCD,Chad,2014,493.757329875312
TCD,Chad,2015,591.21169798261
TCD,Chad,2016,592.605615063022
TCD,Chad,2017,580.656749587858
TCD,Chad,2018,555.446458398226
TCD,Chad,2019,585.911013180369
TCD,Chad,2020,575.586004510945
TCD,Chad,2021,554.530675033104
TCD,Chad,2022,623.759700911182
TCD,Chad,2023,606.569750165917
TCD,Chad,2024,606.345297609063
TCD,Chad,2025,581.92848104034
THA,Thailand,2010,31.685705
THA,Thailand,2011,30.4917333333333
THA,Thailand,2012,31.0830916666667
THA,Thailand,2013,30.7259666666667
THA,Thailand,2014,32.4798333333333
THA,Thailand,2015,34.2477166666667
THA,Thailand,2016,35.2963833333333
THA,Thailand,2017,33.9398110566858
THA,Thailand,2018,32.3102257431458
THA,Thailand,2019,31.0476057805499
THA,Thailand,2020,31.2936732130832
THA,Thailand,2021,31.9770934417717
THA,Thailand,2022,35.0613502144776
THA,Thailand,2023,34.8021885808364
THA,Thailand,2024,35.2935380808081
THA,Thailand,2025,32.882809252867
TJK,Tajikistan,2010,4.37896666666667
TJK,Tajikistan,2011,4.61018333333333
TJK,Tajikistan,2012,4.73770833333333
TJK,Tajikistan,2013,4.76423333333334
TJK,Tajikistan,2014,4.93756666666667
TJK,Tajikistan,2015,6.16311666666667
TJK,Tajikistan,2016,7.835675
TJK,Tajikistan,2017,8.54974166666667
TJK,Tajikistan,2018,9.15121666666667
TJK,Tajikistan,2019,9.53036666666667
TJK,Tajikistan,2020,10.3219416666667
TJK,Tajikistan,2021,11.30885
TJK,Tajikistan,2022,11.031075
TJK,Tajikistan,2023,10.844525
TJK,Tajikistan,2024,10.7994916666667
TJK,Tajikistan,2025,10.0177083333333
TKM,Turkmenistan,2010,
TKM,Turkmenistan,2011,
TKM,Turkmenistan,2012,
TKM,Turkmenistan,2013,
TKM,Turkmenistan,2014,
TKM,Turkmenistan,2015,
TKM,Turkmenistan,2016,
TKM,Turkmenistan,2017,
TKM,Turkmenistan,2018,
TKM,Turkmenistan,2019,
TKM,Turkmenistan,2020,
TKM,Turkmenistan,2021,
TKM,Turkmenistan,2022,
TKM,Turkmenistan,2023,
TKM,Turkmenistan,2024,
TKM,Turkmenistan,2025,
TTO,Trinidad and Tobago,2010,6.37550833333333
TTO,Trinidad and Tobago,2011,6.40930070568579
TTO,Trinidad and Tobago,2012,6.42960265594542
TTO,Trinidad and Tobago,2013,6.44262939764659
TTO,Trinidad and Tobago,2014,6.40909457829793
TTO,Trinidad and Tobago,2015,6.37744166666667
TTO,Trinidad and Tobago,2016,6.66896666666667
TTO,Trinidad and Tobago,2017,6.779525
TTO,Trinidad and Tobago,2018,6.77075089824606
TTO,Trinidad and Tobago,2019,6.7543266828632
TTO,Trinidad and Tobago,2020,6.75105268711505
TTO,Trinidad and Tobago,2021,6.75853004916294
TTO,Trinidad and Tobago,2022,6.75412896099475
TTO,Trinidad and Tobago,2023,6.75026237934502
TTO,Trinidad and Tobago,2024,6.75012324870591
TTO,Trinidad and Tobago,2025,6.74884660621027
TUN,Tunisia,2010,1.4314
TUN,Tunisia,2011,1.40778333333333
TUN,Tunisia,2012,1.56189166666667
TUN,Tunisia,2013,1.62465833333333
TUN,Tunisia,2014,1.697675
TUN,Tunisia,2015,1.961625
TUN,Tunisia,2016,2.14803333333333
TUN,Tunisia,2017,2.419425
TUN,Tunisia,2018,2.64686666666667
TUN,Tunisia,2019,2.93443333333333
TUN,Tunisia,2020,2.81235833333333
TUN,Tunisia,2021,2.79446666666667
TUN,Tunisia,2022,3.1036
TUN,Tunisia,2023,3.10616666666667
TUN,Tunisia,2024,3.10745
TUN,Tunisia,2025,
TUR,Turkiye,2010,1.5028486296723
TUR,Turkiye,2011,1.67495455197133
TUR,Turkiye,2012,1.79600094441355
TUR,Turkiye,2013,1.90376824244752
TUR,Turkiye,2014,2.18854241775473
TUR,Turkiye,2015,2.72000852790578
TUR,Turkiye,2016,3.02013474808043
TUR,Turkiye,2017,3.64813263536867
TUR,Turkiye,2018,4.82837014720942
TUR,Turkiye,2019,5.67381930843574
TUR,Turkiye,2020,7.00860541558522
TUR,Turkiye,2021,8.85040754928315
TUR,Turkiye,2022,16.5488604173067
TUR,Turkiye,2023,23.7385661219918
TUR,Turkiye,2024,32.8058614432703
TUR,Turkiye,2025,39.4548130977983
TZA,Tanzania,2010,1395.625
TZA,Tanzania,2011,1557.43333333333
TZA,Tanzania,2012,1571.69833333333
TZA,Tanzania,2013,1597.55583333333
TZA,Tanzania,2014,1653.23083333333
TZA,Tanzania,2015,1991.39083333333
TZA,Tanzania,2016,2177.08666666667
TZA,Tanzania,2017,2228.85666666667
TZA,Tanzania,2018,2263.78166666667
TZA,Tanzania,2019,2288.20666666667
TZA,Tanzania,2020,2294.14615050509
TZA,Tanzania,2021,2297.76422623792
TZA,Tanzania,2022,2303.03367612332
TZA,Tanzania,2023,2383.04258333333
TZA,Tanzania,2024,2597.90041666667
TZA,Tanzania,2025,
UKR,Ukraine,2010,7.93563941666667
UKR,Ukraine,2011,7.96756283333333
UKR,Ukraine,2012,7.99102933333333
UKR,Ukraine,2013,7.993
UKR,Ukraine,2014,11.8866594166667
UKR,Ukraine,2015,21.8446977666667
UKR,Ukraine,2016,25.5513341166667
UKR,Ukraine,2017,26.5966063
UKR,Ukraine,2018,27.2004923333333
UKR,Ukraine,2019,25.8455893333333
UKR,Ukraine,2020,26.9575243833333
UKR,Ukraine,2021,27.2861893833333
UKR,Ukraine,2022,32.3423016
UKR,Ukraine,2023,36.5738081166667
UKR,Ukraine,2024,40.152082715
UKR,Ukraine,2025,41.6890720433333
URY,Uruguay,2010,20.059275
URY,Uruguay,2011,19.3142083333333
URY,Uruguay,2012,20.310575
URY,Uruguay,2013,20.4816083333333
URY,Uruguay,2014,23.246025
URY,Uruguay,2015,27.3273666666667
URY,Uruguay,2016,30.1626
URY,Uruguay,2017,28.6764
URY,Uruguay,2018,30.7252583333333
URY,Uruguay,2019,35.255375
URY,Uruguay,2020,42.0132916666667
URY,Uruguay,2021,43.554575
URY,Uruguay,2022,41.1710833333333
URY,Uruguay,2023,38.8239166666667
URY,Uruguay,2024,40.2127875
URY,Uruguay,2025,41.1909791666667
USA,United States,2010,1.0
USA,United States,2011,1.0
USA,United States,2012,1.0
USA,United States,2013,1.0
USA,United States,2014,1.0
USA,United States,2015,1.0
USA,United States,2016,1.0
USA,United States,2017,1.0
USA,United States,2018,1.0
USA,United States,2019,1.0
USA,United States,2020,1.0
USA,United States,2021,1.0
USA,United States,2022,1.0
USA,United States,2023,1.0
USA,United States,2024,1.0
USA,United States,2025,1.0
UZB,Uzbekistan,2010,
UZB,Uzbekistan,2011,
UZB,Uzbekistan,2012,
UZB,Uzbekistan,2013,2094.98846505376
UZB,Uzbekistan,2014,2310.94815880696
UZB,Uzbekistan,2015,2567.98721339827
UZB,Uzbekistan,2016,2965.25349937684
UZB,Uzbekistan,2017,5113.87894595717
UZB,Uzbekistan,2018,8069.60623655914
UZB,Uzbekistan,2019,8836.7875
UZB,Uzbekistan,2020,10054.2613341653
UZB,Uzbekistan,2021,10609.464390809
UZB,Uzbekistan,2022,11050.145422363
UZB,Uzbekistan,2023,11734.8334198669
UZB,Uzbekistan,2024,12652.2868209739
UZB,Uzbekistan,2025,12579.3943476702
VEN,"Venezuela, RB",2010,2.58206031746032
VEN,"Venezuela, RB",2011,4.2893
VEN,"Venezuela, RB",2012,4.2893
VEN,"Venezuela, RB",2013,6.04796184166667
VEN,"Venezuela, RB",2014,6.2842
VEN,"Venezuela, RB",2015,6.2842
VEN,"Venezuela, RB",2016,9.25734444444167
VEN,"Venezuela, RB",2017,9.975
VEN,"Venezuela, RB",2018,
VEN,"Venezuela, RB",2019,
VEN,"Venezuela, RB",2020,
VEN,"Venezuela, RB",2021,
VEN,"Venezuela, RB",2022,
VEN,"Venezuela, RB",2023,
VEN,"Venezuela, RB",2024,
VEN,"Venezuela, RB",2025,
VNM,Viet Nam,2010,18612.9166666667
VNM,Viet Nam,2011,20509.75
VNM,Viet Nam,2012,20828.0
VNM,Viet Nam,2013,20933.4166666667
VNM,Viet Nam,2014,21148.0
VNM,Viet Nam,2015,21697.5675
VNM,Viet Nam,2016,21935.0008333333
VNM,Viet Nam,2017,22370.0866666667
VNM,Viet Nam,2018,22602.05
VNM,Viet Nam,2019,23050.2416666667
VNM,Viet Nam,2020,23208.3683333333
VNM,Viet Nam,2021,23159.7825925926
VNM,Viet Nam,2022,23271.2125
VNM,Viet Nam,2023,23787.3191666667
VNM,Viet Nam,2024,24164.8858333333
VNM,Viet Nam,2025,
YEM,"Yemen, Rep.",2010,219.59
YEM,"Yemen, Rep.",2011,213.8
YEM,"Yemen, Rep.",2012,214.349166666667
YEM,"Yemen, Rep.",2013,214.89
YEM,"Yemen, Rep.",2014,214.89
YEM,"Yemen, Rep.",2015,230.833333333333
YEM,"Yemen, Rep.",2016,283.895833333333
YEM,"Yemen, Rep.",2017,282.195
YEM,"Yemen, Rep.",2018,214.89
YEM,"Yemen, Rep.",2019,486.730922939068
YEM,"Yemen, Rep.",2020,743.005964356532
YEM,"Yemen, Rep.",2021,1028.107754329
YEM,"Yemen, Rep.",2022,1115.00238710662
YEM,"Yemen, Rep.",2023,1355.11637864823
YEM,"Yemen, Rep.",2024,
YEM,"Yemen, Rep.",2025,
ZAF,South Africa,2010,7.32122196115288
ZAF,South Africa,2011,7.26113213232735
ZAF,South Africa,2012,8.20996862659332
ZAF,South Africa,2013,9.65505606913526
ZAF,South Africa,2014,10.8526555687831
ZAF,South Africa,2015,12.7589308811644
ZAF,South Africa,2016,14.7096108855267
ZAF,South Africa,2017,13.3238014244992
ZAF,South Africa,2018,13.2339264715833
ZAF,South Africa,2019,14.4484270548333
ZAF,South Africa,2020,16.4591053903333
ZAF,South Africa,2021,14.7786782139167
ZAF,South Africa,2022,16.3558534845
ZAF,South Africa,2023,18.4502441785
ZAF,South Africa,2024,18.3286575505
ZAF,South Africa,2025,17.8887489855833
ZMB,Zambia,2010,4.7975
ZMB,Zambia,2011,4.86166666666666
ZMB,Zambia,2012,5.1475
ZMB,Zambia,2013,5.39648333333333
ZMB,Zambia,2014,6.15416666666667
ZMB,Zambia,2015,8.63166666666667
ZMB,Zambia,2016,10.3075
ZMB,Zambia,2017,9.5175
ZMB,Zambia,2018,10.4583333333333
ZMB,Zambia,2019,12.89
ZMB,Zambia,2020,18.3440926453379
ZMB,Zambia,2021,20.0184865859688
ZMB,Zambia,2022,16.9375943252989
ZMB,Zambia,2023,20.212017866195
ZMB,Zambia,2024,26.1664181859876
ZMB,Zambia,2025,25.2756892021939
