iso3,country_name,region,income_group,gdp_usd,oil_consumption_twh,crude_oil_import_usd,crude_oil_export_usd,net_crude_trade_usd,net_importer,crude_import_burden_pct_gdp,crude_export_dependence_pct_gdp,oil_intensity_twh_per_billion_gdp,exchange_rate_lcu_per_usd,currency_depreciation_pct,oil_import_bill_local_currency
AFG,Afghanistan,"Middle East, North Africa, Afghanistan & Pakistan",Low income,17778508875.7396,31.11165,,,,,,,1.7499583467573419,,,
AGO,Angola,Sub-Saharan Africa ,Lower middle income,103080538044.058,75.94482,3402.21,31397638565.478,-31397635163.268,0.0,3.3005357408455223e-06,30.459327397047765,0.7367522661507663,869.846189590008,26.98109364367751,2959399.404685021
ALB,Albania,Europe & Central Asia,Upper middle income,27037474263.2977,14.35463,,,,,,,0.5309160855859174,93.1233333333333,-7.473462831404132,
ARE,United Arab Emirates,"Middle East, North Africa, Afghanistan & Pakistan",High income,552324919095.872,584.2117,,,,,,,1.0577319251797024,3.6725,0.0,
ARG,Argentina,Latin America & Caribbean ,Upper middle income,638365455340.04,328.87518,,4931109475.0,,,,0.772458696464603,0.515183234382282,914.694883333333,208.7493855652015,
ARM,Armenia,Europe & Central Asia,Upper middle income,25955275380.0321,10.218278,285128.68,,,,0.0010985384505662193,,0.39368790545990967,392.729551399084,0.06452599525625935,111978458.58741298
AUS,Australia,East Asia & Pacific,High income,1757022451652.83,620.2802,5378537440.0,7064711970.0,-1686174530.0,0.0,0.30611660283227526,0.40208433098588064,0.3530291826473263,1.51535803855596,0.6754606231191618,8150409945.378194
AUT,Austria,Europe & Central Asia,High income,534790720466.822,132.0472,4824818485.0,,,,0.9021881458205533,,0.24691378317996096,0.923889546117607,-0.10272185530881828,4457599360.2064905
AZE,Azerbaijan,Europe & Central Asia,Upper middle income,74426000000.0,70.801895,90824816.68,14436921901.0,-14346097084.32,0.0,0.12203372031279393,19.39768615940666,0.9513059280359014,1.7,0.0,154402188.356
BEL,Belgium,Europe & Central Asia,High income,670983130618.828,327.74802,21915213579.722,10102218.66,21905111361.062,1.0,3.2661348072208973,0.0015055845965431382,0.4884594038865443,0.923889546117607,-0.10272185530881828,20247236727.239777
BEN,Benin,Sub-Saharan Africa ,Lower middle income,21482643706.4249,27.209639,,,,,,,1.2665870817315796,606.345297609063,-0.05104790296924788,
BFA,Burkina Faso,Sub-Saharan Africa ,Low income,23136514855.7646,23.098284,15634.04,50.011,15584.029,1.0,6.757301217345917e-05,2.161561510528863e-07,0.9983475966020408,606.345297609063,-0.03700358562104267,9479626.636631995
BGD,Bangladesh,South Asia,Lower middle income,450119432068.852,145.46408,,,,,,,0.32316774090692724,115.603653796648,8.742559105222814,
BGR,Bulgaria,Europe & Central Asia,High income,113349149166.793,62.24006,12955775.48,,,,0.011429971530651376,,0.549100372234942,1.80784166666667,-0.06219020066704495,23421990.736722376
BHR,Bahrain,"Middle East, North Africa, Afghanistan & Pakistan",High income,47210732712.766,40.783287,98.511,,,,2.0866229846367578e-07,,0.8638562601459481,0.376,0.0,37.040136
BIH,Bosnia and Herzegovina,Europe & Central Asia,Upper middle income,29737363103.0492,22.56021,,4172341.568,,,,0.014030637328338565,0.758648637467346,1.80756356165183,-0.09060557770071975,
BLR,Belarus,Europe & Central Asia,Upper middle income,78591839299.7087,90.076164,,,,,,,1.1461261729286678,3.24619166666667,7.941931157552995,
BLZ,Belize,Latin America & Caribbean ,Upper middle income,3203631800.0,3.1741524,240011.89,,,,0.007491868759699539,,0.9907981310461458,2.0,0.0,480023.78
BOL,Bolivia,Latin America & Caribbean ,Lower middle income,54881327452.9667,59.49749,105973107.0,1419208.15,104553898.85,1.0,0.19309501412993146,0.0025859581315999716,1.0841117145169157,6.91,0.0,732274169.37
BRA,Brazil,Latin America & Caribbean ,Upper middle income,2185821610689.31,1426.5226,3390918.0,44789903616.0,-44786512698.0,0.0,0.00015513242175927872,2.049110659212271,0.6526253528759554,5.3889349057096,7.89998281209443,18273436.372598983
BRN,Brunei Darussalam,East Asia & Pacific,High income,15340808592.48,9.62064,4127827724.0,2100528155.0,2027299569.0,1.0,26.90749773140018,13.692421376208749,0.6271273083164597,1.33603327650724,-0.5246393911477854,5514915198.953143
BTN,Bhutan,South Asia,Lower middle income,3346603858.7495,3.291701,,,,,,,0.9835944554339888,83.669281580941,1.2954170797865316,
BWA,Botswana,Sub-Saharan Africa ,Upper middle income,19286251067.5078,13.28371,,,,,,,0.6887657924550984,13.5631333333333,-0.24455032772195961,
CAN,Canada,North America,High income,2270076189683.46,1210.5216,3060396150.0,94501294095.116,-91440897945.116,0.0,0.13481468877160208,4.162912880395141,0.5332515293985773,1.36935976604092,1.440921604559886,4190783355.9565325
CHE,Switzerland,Europe & Central Asia,High income,969919786394.884,107.03693,1550960945.0,1903.202,1550959041.798,1.0,0.1599061042733029,1.9622261827176995e-07,0.11035647638228713,0.880440833333333,-2.0088333388982638,1365529346.8832536
CHL,Chile,Latin America & Caribbean ,High income,329260633698.726,223.49379,5152073233.0,10113086.01,5141960146.99,1.0,1.5647401194380726,0.0030714531210109643,0.6787747064973979,943.572167421488,12.32112427840233,4861352907176.043
CHN,China,East Asia & Pacific,Upper middle income,18729668435848.0,9173.435,325187000000.0,1178947474.0,324008052526.0,1.0,1.736213329743746,0.006294545352140518,0.4897809606945487,7.19749110789917,1.6020992337799855,2340530540904.407
CIV,Cote d'Ivoire,Sub-Saharan Africa ,Lower middle income,87113179149.284,52.806065,2427793266.0,799801181.5,1627992084.5,1.0,2.786941413123659,0.9181173150957993,0.6061776819039904,606.345297609063,-0.03700358562104267,1472081030406.049
CMR,Cameroon,Sub-Saharan Africa ,Lower middle income,53296694320.2057,22.869375,,,,,,,0.42909556196114446,606.345297609063,-0.03700358562104267,
COD,"Congo, Dem. Rep.",Sub-Saharan Africa ,Low income,75716176105.0704,15.073785,,,,,,,0.19908275583122814,,,
COG,"Congo, Rep.",Sub-Saharan Africa ,Lower middle income,15719986076.6464,8.394728,,,,,,,0.5340162490646988,606.345297609063,-0.03700358562104267,
COL,Colombia,Latin America & Caribbean ,Upper middle income,420504033143.211,247.74004,796.56,12069395852.0,-12069395055.44,0.0,1.894298121342193e-07,2.8702211871270036,0.5891502113503563,4074.43416666667,-5.814226762260121,3245531.2798000025
CRI,Costa Rica,Latin America & Caribbean ,High income,96715644330.6612,38.061558,49404.32,,,,5.108203573673307e-05,,0.3935408615990946,515.109771921403,-5.319540911844445,25448648.00713201
CUB,Cuba,Latin America & Caribbean ,Upper middle income,,72.94479,,,,,,,,,,
CZE,Czechia,Europe & Central Asia,High income,347082562221.377,118.8356,6423.0,1475.0,4948.0,1.0,1.8505683370815002e-06,4.249709321493403e-07,0.342384242064584,23.2168333333333,4.589360192509129,149121.7204999998
DEU,Germany,Europe & Central Asia,High income,4685592577804.69,1176.5474,181.282,1127203.329,-1127022.047,0.0,3.8689236631182915e-09,2.4056793463850865e-05,0.2510989550336107,0.923889546117607,-0.10272185530881828,167.48454469929203
DNK,Denmark,Europe & Central Asia,High income,424524722037.047,82.84358,2842081553.0,396230751.8,2445850801.2,1.0,0.6694737445118638,0.09333514192029131,0.19514430067224797,6.89448141666666,0.0693619321557648,19594678451.80962
DOM,Dominican Republic,Latin America & Caribbean ,Upper middle income,124282245638.568,85.8936,674533.606,3365.0,671168.606,1.0,0.000542743335972258,2.707546828358687e-06,0.6911172191866559,59.5651333333333,6.067804417092781,40178684.179204114
DZA,Algeria,"Middle East, North Africa, Afghanistan & Pakistan",Upper middle income,269322281664.773,250.97054,5564.0,14183287575.254,-14183282011.254,0.0,2.0659263561882127e-06,5.266288213356226,0.931859549268131,134.053241666667,-1.3174713050950193,745872.2366333351
ECU,Ecuador,Latin America & Caribbean ,Upper middle income,123802374000.0,163.62132,8288.492,7834790001.0,-7834781712.508,0.0,6.694937853130345e-06,6.328465075314307,1.3216331376650337,1.0,0.0,8288.492
EGY,"Egypt, Arab Rep.","Middle East, North Africa, Afghanistan & Pakistan",Lower middle income,389059910593.1,436.93942,825180000.0,1408882000.0,-583702000.0,0.0,0.2120958694361646,0.36212469124671276,1.1230646183357993,45.29926,47.90912330330135,37380043366.799995
ESP,Spain,Europe & Central Asia,High income,1725671652742.19,736.0264,9948369.389,51039.057,9897330.332,1.0,0.0005764926006167789,2.957634316985856e-06,0.4265159011161899,0.923889546117607,-0.10272185530881828,9191194.479413506
EST,Estonia,Europe & Central Asia,High income,43130419829.35,15.851383,76.63,65.23,11.399999999999991,1.0,1.7767042450130227e-07,1.5123896372465026e-07,0.3675221122984114,0.923889546117607,-0.10272185530881828,70.79765591899222
ETH,Ethiopia,Sub-Saharan Africa ,Low income,149740297952.375,63.147373,,,,,,,0.4217126175352213,82.6013363504764,51.28187197065475,
FIN,Finland,Europe & Central Asia,High income,298729432711.719,91.190025,5276117698.0,288.166,5276117409.834,1.0,1.7661860935850866,9.646387949930833e-08,0.30525959284367055,0.923889546117607,-0.10272185530881828,4874549985.268293
FJI,Fiji,East Asia & Pacific,Upper middle income,5968125909.27126,9.255432,60544.019,69694.484,-9150.464999999997,0.0,0.0010144561277761772,0.001167778379000554,1.5508104454736842,2.2683,0.8077329037275538,137331.9982977
FRA,France,Europe & Central Asia,High income,3160442622465.08,777.3817,382413.676,142.874,382270.80199999997,1.0,1.2100003755224805e-05,4.520695898239761e-09,0.2459724136341568,0.923889546117607,-0.10272185530881828,353307.9975488056
FSM,"Micronesia, Fed. Sts.",East Asia & Pacific,Upper middle income,481121300.0,0.70214933,,,,,,,1.4594018805652547,1.0,0.0,
GAB,Gabon,Sub-Saharan Africa ,Upper middle income,20895684425.6752,9.721767,,,,,,,0.46525238427005294,606.345297609063,-0.03700358562104267,
GEO,Georgia,Europe & Central Asia,Upper middle income,34189423333.141,22.810272,5843773.914,,,,0.0170923441938707,,0.667173347082728,2.72061666666667,3.525867672940275,15898668.70666032
GHA,Ghana,Sub-Saharan Africa ,Lower middle income,83288585604.0268,59.651005,219219242.3,3725229445.0,-3506010202.7,0.0,0.2632044243640047,4.472677039697375,0.7161966380794924,14.1819416666667,28.687987211605837,3108954506.5094733
GIN,Guinea,Sub-Saharan Africa ,Lower middle income,25008678293.4073,18.843678,,,,,,,0.7534855612488528,,,
GRC,Greece,Europe & Central Asia,High income,256238371778.118,175.08669,30745.017,42743484.7,-42712739.683000006,0.0,1.1998599892221736e-05,0.016681141237118245,0.6832961386111644,0.923889546117607,-0.10272185530881828,28404.99980150811
GTM,Guatemala,Latin America & Caribbean ,Upper middle income,113215575150.885,71.86943,422735.0,79249884.0,-78827149.0,0.0,0.000373389438190471,0.06999910029550427,0.6348016154510363,7.7585375,-0.9376520543086131,3279805.3500625
GUY,Guyana,Latin America & Caribbean ,High income,24662714628.2974,16.345104,6489.598,855.692,5633.906,1.0,2.6313396954907764e-05,3.469577509599044e-06,0.6627455349641853,208.5,0.0,1353081.183
HND,Honduras,Latin America & Caribbean ,Lower middle income,36980171442.0603,48.128483,,,,,,,1.3014672761970998,24.7992824415521,0.8033430415725462,
HRV,Croatia,Europe & Central Asia,High income,92981894167.9687,46.65919,1719311482.0,773594230.0,945717252.0,1.0,1.8490820147136613,0.8319837285767998,0.5018094158816739,0.923889546117607,-0.10272185530881828,1588453904.7397702
HTI,Haiti,Latin America & Caribbean ,Lower middle income,24255657481.2502,6.902395,,,,,,,0.28456845605342185,131.810991666667,-6.540831238495482,
HUN,Hungary,Europe & Central Asia,High income,222848211034.367,93.32065,484185620.3,39625883.7,444559736.6,1.0,0.21727148629671084,0.017781557911581806,0.4187632898951491,365.690833333333,3.56922016681378,177062242975.52374
IDN,Indonesia,East Asia & Pacific,Upper middle income,1396301788461.69,875.5163,10352973488.0,24065639.46,10328907848.54,1.0,0.7414567232923123,0.0017235270812417417,0.6270251225306809,15855.4482866711,4.0596463013276685,164151035752260.94
IND,India,South Asia,Lower middle income,3760813470500.86,3025.56,141532322252.516,,,,3.763343312894136,,0.8044961611980879,83.669281580941,1.2954170797865316,11841907723350.242
IRL,Ireland,Europe & Central Asia,High income,609157459747.205,84.93315,1246881113.0,74126.826,1246806986.174,1.0,0.20468945968706428,1.216874632558255e-05,0.1394272509364763,0.923889546117607,-0.10272185530881828,1151980425.5521867
IRN,"Iran, Islamic Rep.","Middle East, North Africa, Afghanistan & Pakistan",Upper middle income,475252089215.416,1068.649,,,,,,,2.2485940077911297,,,
IRQ,Iraq,"Middle East, North Africa, Afghanistan & Pakistan",Upper middle income,279641257615.385,484.66443,6415.0,95025300000.0,-95025293585.0,0.0,2.2940105672186284e-06,33.98114456011229,1.7331649633281265,1300.0,-0.952380952380949,8339500.0
ISL,Iceland,Europe & Central Asia,High income,33186621855.0053,11.604769,533.64,,,,1.6079973500512074e-06,,0.3496821415178097,137.958025978154,0.010927378254188547,73619.9209829821
ISR,Israel,"Middle East, North Africa, Afghanistan & Pakistan",High income,542284494490.778,116.34696,7038699000.0,,,,1.297971649845817,,0.21454967121870858,3.69971964970892,0.8819642439319431,26041212998.686523
ITA,Italy,Europe & Central Asia,High income,2383435562458.12,702.2383,33567611094.437,638312431.1,32929298663.337,1.0,1.4083708250042872,0.02678119103172591,0.2946328027747296,0.923889546117607,-0.10272185530881828,31012764978.291748
JAM,Jamaica,Latin America & Caribbean ,Upper middle income,22014429050.9995,26.440477,511576266.4,,,,2.323822549360068,,1.201052134431783,156.439540115298,1.4794882898668371,80030755849.51717
JOR,Jordan,"Middle East, North Africa, Afghanistan & Pakistan",Upper middle income,58618380563.3803,58.222813,1067255038.0,,,,1.8206832528340586,,0.9932518169287772,0.71,0.0,757751076.98
JPN,Japan,East Asia & Pacific,High income,4190008188358.57,1836.6366,71811869887.915,,,,1.7138837601185501,,0.43833723406624175,151.366291302752,7.740839978892855,10869896416449.465
KAZ,Kazakhstan,Europe & Central Asia,Upper middle income,291480274648.826,198.33356,4230.24,42878761295.0,-42878757064.76,0.0,1.4512954624790897e-06,14.710690576458433,0.6804356152022683,468.9625,2.805454166803667,1983823.9259999997
KEN,Kenya,Sub-Saharan Africa ,Lower middle income,120397537849.826,67.95513,864.247,4745.664,-3881.417,0.0,7.178278023243221e-07,3.94166200136032e-06,0.5644229210464556,134.822483279332,-3.5924421820735963,116519.92670671284
KGZ,Kyrgyz Republic,Europe & Central Asia,Lower middle income,18161630698.9052,17.451288,166427.0,,,,0.0009163659517095696,,0.9608877247488565,87.1503126405883,-0.8033736304433048,14504165.081835188
KHM,Cambodia,East Asia & Pacific,Lower middle income,46352647037.2406,42.52755,356.0,,,,7.680251781823438e-07,,0.9174783473710262,4072.39723921642,-0.9306431255402425,1449773.4171610456
KIR,Kiribati,East Asia & Pacific,Lower middle income,343153235.077124,0.3527301,,,,,,,1.0279084209149991,1.51535803855596,0.6754606231198279,
KOR,"Korea, Rep.",East Asia & Pacific,High income,1875388209406.8,1546.4102,85334419380.0,50.0,85334419330.0,1.0,4.550226931787736,2.6661146609114807e-09,0.8245813812006111,1363.375,4.420169837151655,116342814022207.5
KWT,Kuwait,"Middle East, North Africa, Afghanistan & Pakistan",High income,160903106639.233,266.59235,,35530010116.0,,,,22.081618470961654,1.6568502347051441,0.306690648597046,-0.1610436994536113,
LAO,Lao PDR,East Asia & Pacific,Lower middle income,16502933121.3379,14.190012,,,,,,,0.8598478764755249,20167.3313803145,14.01139409285721,
LBN,Lebanon,"Middle East, North Africa, Afghanistan & Pakistan",Lower middle income,25971643441.3408,67.660934,,,,,,,2.60518492612214,89500.0,545.0159902707085,
LBY,Libya,"Middle East, North Africa, Afghanistan & Pakistan",Upper middle income,48487151215.345,130.34224,,,,,,,2.6881810280235614,4.83220833333333,0.4015264584983358,
LKA,Sri Lanka,South Asia,Upper middle income,99616111265.7633,68.43063,766353167.9,3431.74,766349736.16,1.0,0.7693064486882706,3.4449648318880336e-06,0.6869433983167205,,,
LTU,Lithuania,Europe & Central Asia,High income,85503938573.5664,37.632763,5465581486.0,,,,6.392198508256423,,0.44012900022870044,0.923889546117607,-0.10272185530881828,5049593598.369336
LUX,Luxembourg,Europe & Central Asia,High income,93279851863.4062,25.929195,13761.602,,,,1.4753027288413495e-05,,0.27797208595452383,0.923889546117607,-0.10272185530881828,12714.200225631153
LVA,Latvia,Europe & Central Asia,High income,44001275012.6141,17.984465,1559.238,674997.064,-673437.826,0.0,3.5436200418124346e-06,0.001534039783634667,0.4087259970272291,0.923889546117607,-0.10272185530881828,1440.5636881093253
MAR,Morocco,"Middle East, North Africa, Afghanistan & Pakistan",Lower middle income,160610994054.734,168.33871,346.133,,,,2.1551015360881375e-07,,1.0481144892399612,9.94235921679198,-1.866142816281613,3441.378622785858
MDG,Madagascar,Sub-Saharan Africa ,Low income,17592832696.1336,12.03201,,,,,,,0.6839154448757017,4525.42472099152,2.1637609842094507,
MDV,Maldives,South Asia,Upper middle income,7061608267.25451,7.689133,2587.758,,,,3.6645448204762806e-05,,1.088864279778219,15.3891963292547,0.015610622723660761,39823.515914599484
MEX,Mexico,Latin America & Caribbean ,Upper middle income,1830489311088.89,964.49615,,22218689852.0,,,,1.2138115047928322,0.5269061906874819,18.3048583333333,3.075344220631182,
MHL,Marshall Islands,East Asia & Pacific,Upper middle income,285000000.0,,,,,,,,,1.0,0.0,
MLI,Mali,Sub-Saharan Africa ,Low income,26761281076.7658,28.257658,,,,,,,1.0559157433062258,606.345297609063,-0.03700358562104267,
MMR,Myanmar,East Asia & Pacific,Lower middle income,74068349523.8095,75.213104,,,,,,,1.0154553798424053,,,
MNG,Mongolia,East Asia & Pacific,Upper middle income,23794540024.5132,28.938168,,,,,,,1.2161684138540951,3389.98152022101,-2.185827319773026,
MOZ,Mozambique,Sub-Saharan Africa ,Low income,22752244245.473,25.633131,138493.0,95515041.0,-95376548.0,0.0,0.0006087003923912072,0.4198049210859916,1.1266198939957408,63.905,0.03000143485127893,8850395.165000001
MRT,Mauritania,Sub-Saharan Africa ,Lower middle income,10879212033.4823,18.905016,,,,,,,1.7377192338762368,,,
MUS,Mauritius,Sub-Saharan Africa ,Upper middle income,14938055690.3609,17.245117,,,,,,,1.1544418736588176,46.414675,2.5348361866670555,
MYS,Malaysia,East Asia & Pacific,Upper middle income,422227005428.688,503.21747,9408254.391,2423360.742,6984893.649,1.0,0.002228245533808947,0.0005739473579004159,1.1918173483221004,4.5764279106858,0.34654205748538836,43056197.98580464
NAM,Namibia,Sub-Saharan Africa ,Lower middle income,13641190683.4641,14.746947,9750.799,5629.193,4121.606000000001,1.0,7.148055639908292e-05,4.1266141135492874e-05,1.0810601026108595,18.3286583333333,-0.6377969937073957,178719.06334800803
NER,Niger,Sub-Saharan Africa ,Low income,19729786046.7618,11.659857,,748936604.2,,,,3.7959692133758396,0.5909773665241395,606.345297609063,-0.03700358562104267,
NGA,Nigeria,Sub-Saharan Africa ,Lower middle income,252261880140.271,281.3016,,37380669161.523,,,,14.818199698161832,1.1151173528223186,1478.96519740023,129.22795962035502,
NIC,Nicaragua,Latin America & Caribbean ,Lower middle income,19696311850.3289,21.31492,519278039.5,,,,2.636422714292721,,1.0821782352945468,36.6243,0.5024690435121215,19018194702.05985
NLD,Netherlands,Europe & Central Asia,High income,1213936238063.28,466.8821,49020328699.676,17039634176.931,31980694522.745003,1.0,4.038130435737159,1.4036679722253054,0.3846018311018263,0.923889546117607,-0.10272185530881828,45289369232.87956
NOR,Norway,Europe & Central Asia,High income,500886328034.123,102.23348,722302746.2,49315597174.495,-48593294428.295006,0.0,0.1442049235072739,9.845666454512484,0.204105151764165,10.7458333333333,1.727674345219321,7761744926.874143
NPL,Nepal,South Asia,Lower middle income,43298911699.9284,33.88261,,,,,,,0.7825279821075972,133.726644315443,1.21952739339104,
NRU,Naoero,East Asia & Pacific,High income,167833414.846177,0.37768862,,,,,,,2.250377973576715,1.51535803855596,0.6754606231198279,
NZL,New Zealand,East Asia & Pacific,High income,261497198363.906,90.044685,84846.754,423230611.2,-423145764.446,0.0,3.2446525060633786e-05,0.16184900406122965,0.34434282876978123,1.65230833333333,1.4661330931570182,140192.99869048304
OMN,Oman,"Middle East, North Africa, Afghanistan & Pakistan",High income,107137198699.61,129.55266,90236.671,25768634396.603,-25768544159.932,0.0,8.422534105358168e-05,24.051995674119492,1.209222021599036,0.3845,0.0,34695.9999995
PAK,Pakistan,"Middle East, North Africa, Afghanistan & Pakistan",Lower middle income,371747087751.306,231.17207,5608000767.0,67590587.63,5540410179.37,1.0,1.508552710102649,0.018181874144288446,0.6218530759672046,278.580716167563,-0.6332644139999344,1562280869939.1028
PAN,Panama,Latin America & Caribbean ,High income,86523959100.0,84.02062,,,,,,,0.971067677368915,1.0,0.0,
PER,Peru,Latin America & Caribbean ,Upper middle income,291751523018.903,148.15532,3925393134.0,274789517.5,3650603616.5,1.0,1.3454576323653564,0.09418614671025932,0.5078133559234266,3.7525,0.23168250662952694,14730037735.335
PHL,Philippines,East Asia & Pacific,Upper middle income,461671157904.74,272.54376,3710128605.0,168274610.0,3541853995.0,1.0,0.8036301470159282,0.03644901941973194,0.5903417515551967,57.2906550699734,2.9845065726412434,212555698174.29657
PLW,Palau,East Asia & Pacific,High income,321501812.5,,,,,,,,,1.0,0.0,
PNG,Papua New Guinea,East Asia & Pacific,Lower middle income,30803971189.4102,26.762949,,,,,,,0.8688148951782092,3.8527502682192,7.3302276387922305,
POL,Poland,Europe & Central Asia,High income,917767106146.761,392.43048,15192763299.0,101266882.0,15091496417.0,1.0,1.6554050801391995,0.011034050068014348,0.4275926619854755,3.98078333333333,-5.30211719927064,60479098927.9375
PRK,"Korea, Dem. People's Rep.",East Asia & Pacific,Low income,,11.900994,,,,,,,,,,
PRT,Portugal,Europe & Central Asia,High income,313656884870.859,123.37686,1522.562,,,,4.85422789500342e-07,,0.39334975876839934,0.923889546117607,-0.10272185530881828,1406.679115115916
PRY,Paraguay,Latin America & Caribbean ,Upper middle income,44738819362.3269,31.162397,236.55,,,,5.287354547384214e-07,,0.6965404417051032,7560.24758837744,3.72314855625524,1788376.5670306834
PSE,West Bank and Gaza,"Middle East, North Africa, Afghanistan & Pakistan",Lower middle income,16016900000.0,19.650612,,,,,,,1.226867371339023,,,
QAT,Qatar,"Middle East, North Africa, Afghanistan & Pakistan",High income,216294505494.505,175.95923,1783427365.0,14965923895.883,-13182496530.883,0.0,0.8245366015759972,6.919234430697645,0.8135168741236021,3.64,0.0,6491675608.6
ROU,Romania,Europe & Central Asia,High income,382564217988.866,137.8218,753992.52,98408.73,655583.79,1.0,0.000197089138122673,2.5723453834060363e-05,0.3602579476055733,4.598375,0.526493172895548,3467140.354155
RUS,Russian Federation,Europe & Central Asia,High income,2186462268813.08,1996.2903,,,,,,,0.91302298167884,92.5524,8.678038260605492,
RWA,Rwanda,Sub-Saharan Africa ,Low income,15111064181.9687,5.7231045,,,,,,,0.378736032822169,1318.12835733333,13.62208783326797,
SAU,Saudi Arabia,"Middle East, North Africa, Afghanistan & Pakistan",High income,1254140800000.0,2031.2227,,179494074921.181,,,,14.312115108700793,1.619612965306607,3.75,0.0,
SDN,Sudan,Sub-Saharan Africa ,Low income,49672435513.1126,51.91959,,,,,,,1.0452394665909666,,,
SEN,Senegal,Sub-Saharan Africa ,Lower middle income,32169996051.8502,46.9656,810027192.2,763878308.8,46148883.400000095,1.0,2.5179586310624145,2.3745054477744234,1.459919358532183,606.345297609063,-0.03700358562104267,491156178925.9427
SGP,Singapore,East Asia & Pacific,High income,572877260178.427,882.5105,27245983555.963,2159874.273,27243823681.690002,1.0,4.755989711910895,0.000377022169168888,1.5404879218371057,1.33623333333333,-0.4865576049455034,36406991426.929535
SLB,Solomon Islands,East Asia & Pacific,Lower middle income,1583964703.75061,1.3265071,,,,,,,0.8374600121195971,8.45483560171654,0.9460678170647219,
SLV,El Salvador,Latin America & Caribbean ,Upper middle income,34879730000.0,34.688965,45292.5,,,,0.0001298533560896257,,0.9945307776178314,1.0,0.0,45292.5
SRB,Serbia,Europe & Central Asia,Upper middle income,90088366320.4062,52.88022,1.0,8.0,-7.0,0.0,1.1100212389726584e-09,8.880169911781267e-09,0.5869816732154675,108.207741666667,-0.1798387078795538,108.207741666667
SUR,Suriname,Latin America & Caribbean ,Upper middle income,4416775112.72266,8.843666,,,,,,,2.0022903078143015,33.1805516666667,-9.776295112716904,
SVK,Slovak Republic,Europe & Central Asia,High income,140934076532.375,44.43062,5515552.135,29455.902,5486096.233,1.0,0.003913568861916076,2.090048249844917e-05,0.31525817668229805,0.923889546117607,-0.10272185530881828,5095760.958593148
SVN,Slovenia,Europe & Central Asia,High income,72972015197.3859,27.45618,1145.075,140.424,1004.6510000000001,1.0,1.5691974476826845e-06,1.9243541461772658e-07,0.3762562939468276,0.923889546117607,-0.10272185530881828,1057.922822020619
SWE,Sweden,Europe & Central Asia,High income,604827393488.582,143.63522,430088750.7,158124.274,429930626.426,1.0,0.07110933719772387,2.614370243516179e-05,0.23748134020770267,10.5676364344775,-0.40079373807363483,4545021551.95623
SYR,Syrian Arab Republic,"Middle East, North Africa, Afghanistan & Pakistan",Low income,,75.52265,,,,,,,,,,
TCD,Chad,Sub-Saharan Africa ,Low income,19906706689.7582,7.7263703,,,,,,,0.3881290069931627,606.345297609063,-0.03700358562104267,
THA,Thailand,East Asia & Pacific,Upper middle income,529385520941.539,645.81226,1234353.643,3108.995,1231244.6479999998,1.0,0.0002331672465851804,5.872837236784442e-07,1.2199280759537778,35.2935380808081,1.4118350598279816,43564707.3044047
TJK,Tajikistan,Europe & Central Asia,Lower middle income,14425113699.7925,17.543734,,,,,,,1.2161938106770251,10.7994916666667,-0.41526330875073514,
TKM,Turkmenistan,Europe & Central Asia,Upper middle income,44249447717.2312,77.56339,,,,,,,1.752866849223883,,,
TTO,Trinidad and Tobago,Latin America & Caribbean ,High income,25633544529.4849,19.069447,659.395,1616071354.0,-1616070694.605,0.0,2.5723910294244835e-06,6.304517707807124,0.7439254831911923,6.75012324870591,-0.0020611145358562233,4450.997519580434
TUN,Tunisia,"Middle East, North Africa, Afghanistan & Pakistan",Lower middle income,51412122479.8468,59.3087,630882151.4,647730108.2,-16847956.80000007,0.0,1.2271077733608478,1.2598781706666669,1.153593688400019,3.10745,0.04131566239191642,1960434741.36793
TUR,Turkiye,Europe & Central Asia,Upper middle income,1359123768774.12,660.1436,,,,,,,0.48571264454849855,32.8058614432703,38.1964743560413,
TZA,Tanzania,Sub-Saharan Africa ,Lower middle income,79235713444.9777,48.21226,11896.151,2351989.668,-2340093.517,0.0,1.5013622623920512e-05,0.002968345416152846,0.6084662824861066,2597.90041666667,9.016113888858968,30905015.63962962
UKR,Ukraine,Europe & Central Asia,Upper middle income,190833835445.1,155.7529,14904.14,,,,7.810009144991322e-06,,0.8161702542776161,40.152082715,9.783708021103443,598432.26207594
URY,Uruguay,Latin America & Caribbean ,High income,82322859144.2816,33.32681,918734446.0,,,,1.1160137725413515,,0.40483057010435464,40.2127875,3.5773588874554507,36944873045.92822
USA,United States,North America,High income,29298013000000.0,10018.252,174424000000.0,118499000000.0,55925000000.0,1.0,0.5953441279447859,0.40446087589625956,0.34194305258858343,1.0,0.0,174424000000.0
UZB,Uzbekistan,Europe & Central Asia,Lower middle income,121356065241.228,73.10577,366900293.0,,,,0.30233370888441913,,0.6024072208890633,12652.2868209739,7.818205578902937,4642127741735.362
VEN,"Venezuela, RB",Latin America & Caribbean ,Lower middle income,120566112397.063,178.37195,,,,,,,1.4794534422123835,,,
VNM,Viet Nam,East Asia & Pacific,Upper middle income,476324572783.807,366.35706,,,,,,,0.7691332358918237,24164.8858333333,1.5872602709921413,
YEM,"Yemen, Rep.","Middle East, North Africa, Afghanistan & Pakistan",Low income,,58.19392,180.0,5728.8,-5548.8,0.0,,,,,,
ZAF,South Africa,Sub-Saharan Africa ,Upper middle income,401144998373.585,265.71786,5170738846.0,194026.159,5170544819.841,1.0,1.2889949686433602,4.836808629963375e-05,0.6623985368815138,18.3286575505,-0.6589973922496051,94772701591.40157
ZMB,Zambia,Sub-Saharan Africa ,Lower middle income,25303185342.2511,22.436148,675251.297,14.582,675236.715,1.0,0.0026686414689160486,5.762910796709484e-08,0.8866926316401857,26.1664181859876,29.45970243649669,17668907.817932513
